date,name,close,pct,amount,turnover,pe,pb,code
2026-09-07,印制电路板,12530.21,7.62,98983973599.0,6.13,69.4,,BK1340
2026-09-07,元件,58793.58,6.72,123171329695.0,6.1,68.02,,BK0459
2026-09-07,种子,5322.57,6.35,8380980238.0,13.38,163.21,,BK1518
2026-09-07,其他种植业,1201.62,6.13,3662490058.0,6.65,-2662.95,,BK1516
2026-09-07,通信网络设备及器件,15090.88,5.44,121822847998.0,3.57,71.48,,BK1591
2026-09-07,种植业,3070.13,5.34,14099063386.0,8.47,125.51,,BK1261
2026-09-07,水产饲料,6496.95,4.74,1456054452.0,3.3,29.03,,BK1509
2026-09-07,通信线缆及配套,25153.47,4.6,29632599794.0,5.66,64.62,,BK1592
2026-09-07,百货,2191.12,4.58,6545662248.0,4.11,-49.75,,BK1551
2026-09-07,超市,1773.82,4.56,3803989458.0,4.98,-33.21,,BK1552
2026-09-07,被动元件,12690.29,4.42,24187356096.0,6.03,61.68,,BK1339
2026-09-07,半导体设备,48151.15,4.4,35384316535.0,2.36,108.67,,BK1326
2026-09-07,其他养殖,1043.75,4.36,730717058.0,3.4,-246.37,,BK1510
2026-09-07,激光设备,19414.19,4.16,16040231807.0,5.2,75.53,,BK1409
2026-09-07,海洋捕捞,1165.91,4.09,329951372.0,4.18,53.83,,BK1513
2026-09-07,电子化学品Ⅲ,3226.1,4.04,29316532054.0,4.43,103.58,,BK1332
2026-09-07,电子化学品Ⅱ,3226.1,4.04,29316532054.0,4.43,103.58,,BK1039
2026-09-07,其他自动化设备,7126.3,4.02,11417701521.0,2.9,104.71,,BK1410
2026-09-07,视频媒体,1068.37,4.0,4620367505.0,21.41,62.13,,BK1296
2026-09-07,粮油加工,1633.28,3.97,3373934146.0,9.82,46.15,,BK1504
2026-09-07,渔业,1069.81,3.85,1175593601.0,6.15,-22.07,,BK1260
2026-09-07,半导体材料,12631.24,3.83,23055179928.0,3.37,397.42,,BK1325
2026-09-07,光学元件,15861.82,3.78,16513113602.0,2.97,243.94,,BK1334
2026-09-07,水产养殖,716.39,3.67,845642229.0,6.54,-12.77,,BK1514
2026-09-07,通信设备,24326.12,3.64,168005448335.0,4.22,69.54,,BK0448
2026-09-07,磁性材料,5429.57,3.4,4664458868.0,1.87,53.93,,BK1618
2026-09-07,复合肥,3497.91,3.32,2524030448.0,5.74,17.52,,BK1433
2026-09-07,食用菌,1421.08,3.29,1034283047.0,7.79,15.75,,BK1517
2026-09-07,其他电源设备Ⅲ,9246.52,3.27,16471205538.0,2.9,100.15,,BK1322
2026-09-07,分立器件,15590.22,3.23,22486117133.0,2.64,-100.0,,BK1327
2026-09-07,集成电路封测,8343.13,3.22,18013703978.0,4.72,62.54,,BK1328
2026-09-07,文字媒体,2878.58,3.21,3939879565.0,13.99,-54.56,,BK1298
2026-09-07,非金属材料Ⅲ,2020.21,3.15,6167858799.0,3.09,-462.87,,BK1411
2026-09-07,非金属材料Ⅱ,2020.21,3.15,6167858799.0,3.09,-462.87,,BK1020
2026-09-07,大众出版,1757.63,3.12,4556594386.0,3.49,36.11,,BK1289
2026-09-07,多业态零售,1516.56,3.1,2804651302.0,3.28,30.17,,BK1553
2026-09-07,农林牧渔,15942.13,3.06,44295116520.0,5.59,-138.64,,BK0433
2026-09-07,其他农产品加工,2668.05,3.04,3938917153.0,4.66,61.35,,BK1505
2026-09-07,玻纤制造,15223.26,3.01,16997227985.0,4.89,57.85,,BK1462
2026-09-07,电子,13122.8,2.99,511638910619.0,2.91,67.06,,BK1201
2026-09-07,酒店,2483.14,2.98,1490105853.0,4.41,25.48,,BK1560
2026-09-07,农产品加工,2484.99,2.92,8093209657.0,5.23,50.78,,BK1256
2026-09-07,自动化设备,11059.63,2.91,46419846114.0,2.73,91.41,,BK1237
2026-09-07,一般零售,17778.32,2.89,15813466287.0,3.18,-19.15,,BK0482
2026-09-07,其他电源设备Ⅱ,3079.31,2.86,17885613847.0,1.65,62.87,,BK1034
2026-09-07,图片媒体,2987.3,2.85,821551653.0,6.97,88.24,,BK1297
2026-09-07,教育运营及其他,1101.66,2.85,741217848.0,6.39,-101.6,,BK1556
2026-09-07,其他电子Ⅲ,14997.23,2.82,17725213280.0,3.8,42.12,,BK1336
2026-09-07,其他电子Ⅱ,14997.23,2.82,17725213280.0,3.8,42.12,,BK1223
2026-09-07,林业Ⅲ,4985.72,2.8,4547414586.0,21.78,-57.14,,BK1502
2026-09-07,林业Ⅱ,4985.72,2.8,4547414586.0,21.78,-57.14,,BK1255
2026-09-07,自然景区,3115.71,2.78,2705005835.0,5.72,48.69,,BK1563
2026-09-07,预加工食品,6613.48,2.78,1227870862.0,2.77,23.79,,BK1581
2026-09-07,通信,7848.98,2.78,176441633725.0,1.53,32.3,,BK1215
2026-09-07,饲料,3666.32,2.72,5808326733.0,4.71,-38.34,,BK1258
2026-09-07,出版,1983.95,2.68,5820533021.0,2.37,20.31,,BK1218
2026-09-07,改性塑料,7134.68,2.58,4109146677.0,2.87,48.59,,BK1437
2026-09-07,肉制品,2815.91,2.56,2360160805.0,3.82,31.3,,BK1580
2026-09-07,半导体,2702.32,2.55,234924547968.0,3.04,79.73,,BK1036
2026-09-07,酒店餐饮,2395.54,2.53,2139782073.0,4.71,35.82,,BK1271
2026-09-07,旅游及景区,3201.51,2.51,6118202981.0,5.19,79.47,,BK1272
2026-09-07,钨,8134.73,2.47,5877355345.0,2.67,32.82,,BK1625
2026-09-07,粮食种植,1013.24,2.43,1021310042.0,2.77,298.22,,BK1515
2026-09-07,集成电路制造,3672.82,2.4,12546037423.0,1.71,136.18,,BK1329
2026-09-07,人工景区,3024.44,2.34,1855130659.0,5.87,113.83,,BK1562
2026-09-07,影视动漫制作,3777.89,2.33,7453333313.0,6.64,-49.13,,BK1299
2026-09-07,硅料硅片,1968.47,2.31,993287284.0,1.36,-7.56,,BK1319
2026-09-07,金属新材料,5734.4,2.29,10949006121.0,2.19,66.59,,BK1288
2026-09-07,仪器仪表,21856.23,2.28,16327965373.0,2.41,157.01,,BK0458
2026-09-07,影视院线,3642.07,2.25,8598279837.0,6.05,-52.36,,BK1222
2026-09-07,其他专用设备,5662.09,2.22,28070669222.0,3.35,78.25,,BK1405
2026-09-07,会展服务,1275.83,2.22,570426386.0,3.31,43.88,,BK1565
2026-09-07,光学光电子,2095.7,2.22,38659316134.0,2.13,138.9,,BK1038
2026-09-07,养殖业,4246.62,2.21,9206622699.0,3.94,-45.21,,BK1259
2026-09-07,旅游综合,1842.89,2.2,1558066486.0,4.18,243.57,,BK1561
2026-09-07,工控设备,5747.5,2.19,8862309901.0,1.98,50.79,,BK1407
2026-09-07,端到端供应链服务,1642.14,2.14,552802942.0,2.63,50.88,,BK1491
2026-09-07,生猪养殖,4419.2,2.13,7001442212.0,4.22,-33.44,,BK1512
2026-09-07,消费电子零部件及组装,13865.5,2.11,64536108336.0,2.16,36.31,,BK1338
2026-09-07,宠物食品,1586.06,2.11,609588587.0,3.02,34.02,,BK1507
2026-09-07,畜禽饲料,2121.18,2.09,3742683693.0,5.13,-9.32,,BK1508
2026-09-07,橡胶助剂,4109.09,2.07,761283060.0,1.81,55.48,,BK1443
2026-09-07,广告媒体,2330.56,2.06,993728349.0,1.29,25.74,,BK1292
2026-09-07,装修装饰Ⅲ,934.67,2.06,4876871823.0,4.39,-108.26,,BK1478
2026-09-07,装修装饰Ⅱ,934.67,2.06,4876871823.0,4.39,-108.26,,BK0725
2026-09-07,烘焙食品,744.61,2.03,637276199.0,1.57,32.76,,BK1582
2026-09-07,其他黑色家电,2838.45,2.01,680627963.0,1.48,64.24,,BK1454
2026-09-07,光伏辅材,2295.08,1.99,3527864878.0,1.57,-367.81,,BK1316
2026-09-07,院线,612.29,1.98,1144946524.0,3.2,-69.18,,BK1300
2026-09-07,家电零部件Ⅲ,5230.82,1.98,7668060910.0,3.19,40.23,,BK1455
2026-09-07,家电零部件Ⅱ,5230.82,1.98,7668060910.0,3.19,40.23,,BK1242
2026-09-07,生活用纸,1211.26,1.96,717594334.0,1.56,27.16,,BK1495
2026-09-07,通信终端及配件,4214.2,1.96,14942879699.0,5.07,67.95,,BK1593
2026-09-07,厨房小家电,2079.24,1.95,818367613.0,1.35,25.37,,BK1457
2026-09-07,教育出版,2210.75,1.94,1263938634.0,1.09,13.96,,BK1290
2026-09-07,乳品,2348.74,1.92,4047514678.0,1.81,24.41,,BK1585
2026-09-07,塑料,21705.96,1.92,19673193924.0,3.17,70.92,,BK0454
2026-09-07,饮料乳品,2355.81,1.88,5536296505.0,1.71,23.79,,BK1282
2026-09-07,燃料电池,262.62,1.88,51251596.0,1.47,-7.04,,BK1305
2026-09-07,餐饮,1579.44,1.87,649676219.0,5.29,-78.73,,BK1559
2026-09-08,粮食种植,1092.29,7.8,2203585875.0,5.47,319.67,,BK1515
2026-09-08,房产租赁经纪,1581.85,7.53,2624089777.0,14.13,-38.7,,BK1341
2026-09-08,磷肥及磷化工,3327.77,7.01,8753390834.0,5.6,24.86,,BK1435
2026-09-08,其他农产品加工,2853.51,6.95,4287103149.0,4.95,65.93,,BK1505
2026-09-08,学历教育,2081.45,6.84,300571171.0,2.92,-322.5,,BK1558
2026-09-08,氮肥,2277.6,6.66,3965272259.0,6.58,25.61,,BK1432
2026-09-08,教育运营及其他,1173.44,6.52,1144555280.0,9.11,-106.99,,BK1556
2026-09-08,焦炭Ⅲ,846.54,6.01,1800631626.0,3.33,-14.92,,BK1492
2026-09-08,焦炭Ⅱ,846.54,6.01,1800631626.0,3.33,-14.92,,BK1249
2026-09-08,大众出版,1850.25,5.27,5882786952.0,3.69,37.8,,BK1289
2026-09-08,油田服务,1777.43,5.0,2879903859.0,1.47,19.43,,BK1573
2026-09-08,煤化工,2125.03,4.89,6471816865.0,2.98,15.32,,BK1419
2026-09-08,油服工程,2026.05,4.72,5691340627.0,1.76,22.91,,BK1275
2026-09-08,农产品加工,2601.62,4.69,12062545275.0,7.09,52.73,,BK1256
2026-09-08,其他种植业,1257.45,4.65,4812003194.0,8.27,-2867.0,,BK1516
2026-09-08,农化制品,1812.98,4.62,28437041544.0,4.82,21.21,,BK0731
2026-09-08,风电整机,1369.0,4.54,2658507110.0,2.57,50.18,,BK1314
2026-09-08,复合肥,3654.29,4.47,3853992638.0,6.7,18.21,,BK1433
2026-09-08,出版,2070.97,4.39,8613881793.0,2.85,21.02,,BK1218
2026-09-08,油气及炼化工程,1903.51,4.33,2811436767.0,2.42,38.42,,BK1572
2026-09-08,农药,3104.07,3.95,8349121996.0,4.04,37.12,,BK1436
2026-09-08,铜,4089.56,3.86,37634465369.0,2.78,15.5,,BK1615
2026-09-08,油气开采Ⅲ,3612.04,3.72,2710260135.0,1.91,12.13,,BK1574
2026-09-08,油气开采Ⅱ,3612.04,3.72,2710260135.0,1.91,12.13,,BK1276
2026-09-08,种植业,3184.29,3.72,19017755008.0,10.68,132.28,,BK1261
2026-09-08,医疗研发外包,8406.84,3.69,24593064364.0,5.47,34.41,,BK1600
2026-09-08,农业综合Ⅲ,2532.44,3.66,513527035.0,5.31,55.48,,BK1506
2026-09-08,农业综合Ⅱ,2532.44,3.66,513527035.0,5.31,55.48,,BK1257
2026-09-08,石油石化,7013.28,3.55,20119157543.0,0.62,13.59,,BK0464
2026-09-08,食用菌,1471.2,3.53,1529082207.0,10.61,16.3,,BK1517
2026-09-08,炼油化工,3932.45,3.49,7964000948.0,0.3,13.61,,BK1569
2026-09-08,国际工程,2565.16,3.41,981301677.0,2.23,13.36,,BK1475
2026-09-08,房地产综合服务,1420.04,3.32,76258175.0,2.42,60.44,,BK1342
2026-09-08,综合Ⅲ,12695.66,3.24,4828191354.0,3.86,-154.18,,BK1627
2026-09-08,综合,12695.66,3.24,4828191354.0,3.86,-154.18,,BK1217
2026-09-08,综合Ⅱ,12695.66,3.24,4828191354.0,3.86,-154.18,,BK0539
2026-09-08,炭黑,1871.75,3.22,705712804.0,3.39,72.15,,BK1442
2026-09-08,食品及饲料添加剂,2185.67,3.18,4369081711.0,2.31,18.12,,BK1429
2026-09-08,长材,537.45,3.11,192831483.0,1.04,-5.57,,BK1369
2026-09-08,其他数字媒体,971.66,3.11,1721117404.0,17.5,-102.99,,BK1295
2026-09-08,房地产服务,1156.54,3.05,3816692183.0,6.06,-10.66,,BK1045
2026-09-08,其他化学原料,3294.29,3.02,3464559605.0,2.16,23.19,,BK1420
2026-09-08,教育,644.91,3.01,3574832539.0,4.88,-181.24,,BK0740
2026-09-08,炼化及贸易,3689.18,2.98,11717556780.0,0.4,14.02,,BK1274
2026-09-08,煤炭,14457.9,2.97,14568371939.0,1.67,18.63,,BK0437
2026-09-08,粮油加工,1681.75,2.97,6537665291.0,17.22,47.11,,BK1504
2026-09-08,板材,836.78,2.95,3575212019.0,0.96,-477.89,,BK1367
2026-09-08,油品石化贸易,3238.11,2.94,1132296777.0,3.29,29.43,,BK1571
2026-09-08,普钢,766.02,2.89,4430939280.0,1.04,-188.9,,BK1226
2026-09-08,教育出版,2274.51,2.88,2731094840.0,1.89,14.28,,BK1290
2026-09-08,医疗服务,1428.24,2.85,29714865554.0,3.38,39.69,,BK0727
2026-09-08,原料药,3915.94,2.72,9459386439.0,2.54,55.62,,BK1595
2026-09-08,疫苗,4187.57,2.68,3755980313.0,2.26,-13.8,,BK1598
2026-09-08,门户网站,3193.84,2.64,6419652983.0,5.67,117.72,,BK1294
2026-09-08,其他石化,3063.87,2.62,2621259054.0,2.19,40.83,,BK1570
2026-09-08,种子,5456.36,2.51,10473083732.0,15.93,168.16,,BK1518
2026-09-08,燃料电池,269.22,2.51,69421571.0,1.94,-7.22,,BK1305
2026-09-08,焦煤,1305.3,2.48,3135061033.0,1.62,44.54,,BK1494
2026-09-08,有机硅,3400.26,2.45,2978396831.0,4.33,-98.22,,BK1431
2026-09-08,地面兵装Ⅲ,3872.99,2.43,7995028349.0,4.76,294.36,,BK1382
2026-09-08,地面兵装Ⅱ,3872.99,2.43,7995028349.0,4.76,294.36,,BK1229
2026-09-08,农林牧渔,16329.7,2.43,53151650581.0,6.27,-140.74,,BK0433
2026-09-08,农用机械,1892.74,2.42,1209385773.0,2.48,276.86,,BK1404
2026-09-08,化学原料,1091.57,2.41,19167969101.0,2.16,27.35,,BK1019
2026-09-08,果蔬加工,3114.12,2.39,1237776834.0,3.64,57.11,,BK1503
2026-09-08,医院,6544.83,2.38,3092444752.0,2.38,52.08,,BK1601
2026-09-08,钢铁,8155.29,2.37,8497631507.0,1.07,82.78,,BK0479
2026-09-08,铁矿石,1798.7,2.36,1673351828.0,2.77,40.5,,BK1371
2026-09-08,钢铁管材,602.47,2.34,662895776.0,2.84,16.75,,BK1368
2026-09-08,汽车综合服务,1188.29,2.33,520535347.0,2.27,135.85,,BK1524
2026-09-08,锦纶,605.15,2.32,311359844.0,1.4,185.91,,BK1414
2026-09-08,燃气Ⅲ,2000.81,2.32,4317225111.0,1.84,22.02,,BK1381
2026-09-08,燃气Ⅱ,2000.81,2.32,4317225111.0,1.84,22.02,,BK1028
2026-09-08,住宅开发,1960.57,2.32,12780414931.0,2.39,-3.71,,BK1346
2026-09-08,超市,1814.84,2.31,4009516776.0,5.78,-33.9,,BK1552
2026-09-08,海洋捕捞,1192.83,2.31,1161715775.0,13.56,55.47,,BK1513
2026-09-08,水产饲料,6646.8,2.31,1335482731.0,3.55,29.19,,BK1509
2026-09-08,生物制品,1011.99,2.27,13821329967.0,1.68,647.25,,BK1044
2026-09-08,钾肥,2337.58,2.25,3515263814.0,1.17,15.12,,BK1434
2026-09-08,乳品,2400.9,2.22,4141009210.0,2.06,24.52,,BK1585
2026-09-08,煤炭开采,1990.69,2.18,12767740312.0,1.42,17.63,,BK1250
2026-09-08,其他生物制品,7904.0,2.17,9167184424.0,1.86,51.15,,BK1596
2026-09-08,房地产,2035.63,2.13,19574302284.0,2.34,-4.88,,BK1202
2026-09-08,原材料供应链服务,3006.21,2.1,1339160987.0,1.24,-13.04,,BK1490
2026-09-08,影视动漫制作,3856.94,2.09,7816275446.0,6.56,-49.87,,BK1299
2026-09-08,工业金属,3425.92,2.06,54624412835.0,2.37,14.0,,BK1287
2026-09-08,冶钢原料,3829.76,2.04,2328827031.0,1.26,32.02,,BK1228
2026-09-08,大宗用纸,2001.92,2.02,1124495799.0,1.52,-26.48,,BK1544
2026-09-08,血液制品,4364.36,2.01,898165228.0,0.95,37.8,,BK1597
2026-09-08,动力煤,2539.95,2.01,9632679279.0,1.36,16.54,,BK1493
2026-09-08,百货,2234.98,2.0,8482286562.0,6.13,-50.92,,BK1551
2026-09-08,纺织鞋类制造,391.96,1.99,86721017.0,0.22,15.62,,BK1347
2026-09-08,影视院线,3714.43,1.99,8929360381.0,5.95,-53.13,,BK1222
2026-09-08,铅锌,2639.81,1.97,5376076761.0,2.78,21.66,,BK1614
2026-09-08,房地产开发,14243.03,1.96,15757610101.0,2.01,-4.68,,BK0451
2026-09-08,传媒,10348.5,1.95,64849841297.0,4.07,52.33,,BK0486
2026-09-08,钛白粉,1864.38,1.95,738226140.0,1.85,69.75,,BK1421
2026-09-08,预加工食品,6742.11,1.94,1779075825.0,5.74,24.1,,BK1581
2026-09-08,饮料乳品,2401.43,1.94,5886567369.0,2.04,23.82,,BK1282
2026-09-08,物业管理,1832.81,1.91,1116344230.0,1.82,-7.38,,BK1343
2026-09-09,教育运营及其他,1244.14,6.03,1458489046.0,11.32,-114.56,,BK1556
2026-09-09,其他种植业,1332.41,5.96,8811563938.0,17.4,-2998.33,,BK1516
2026-09-09,橡胶助剂,4371.42,5.46,2261269286.0,4.23,60.99,,BK1443
2026-09-09,通信线缆及配套,26617.57,4.98,51172440101.0,9.75,69.03,,BK1592
2026-09-09,航海装备Ⅲ,5402.24,4.67,10733485012.0,4.12,27.71,,BK1383
2026-09-09,航海装备Ⅱ,5402.24,4.67,10733485012.0,4.12,27.71,,BK1230
2026-09-09,动力煤,2637.46,3.84,11860076734.0,1.57,16.98,,BK1493
2026-09-09,海洋捕捞,1237.34,3.73,1282801906.0,14.47,59.04,,BK1513
2026-09-09,激光设备,20012.75,3.64,22485642906.0,6.71,78.09,,BK1409
2026-09-09,航运,1754.15,3.48,13623792545.0,2.27,13.56,,BK1482
2026-09-09,煤炭开采,2056.87,3.32,15837576318.0,1.7,18.09,,BK1250
2026-09-09,煤炭,14932.91,3.29,18148489254.0,2.0,19.12,,BK0437
2026-09-09,氮肥,2352.34,3.28,5341036079.0,9.98,25.99,,BK1432
2026-09-09,果蔬加工,3212.31,3.15,1310502172.0,4.29,60.6,,BK1503
2026-09-09,焦炭Ⅲ,873.07,3.13,2310912936.0,4.02,-15.28,,BK1492
2026-09-09,焦炭Ⅱ,873.07,3.13,2310912936.0,4.02,-15.28,,BK1249
2026-09-09,院线,639.79,2.83,1803617726.0,4.94,-71.77,,BK1300
2026-09-09,渔业,1120.16,2.82,2399239879.0,9.51,-23.37,,BK1260
2026-09-09,航运港口,13017.91,2.81,17136564791.0,1.25,13.44,,BK0450
2026-09-09,综合电力设备商,1212.08,2.76,2536626507.0,0.94,32.7,,BK1323
2026-09-09,印制电路板,12965.7,2.73,98220488072.0,6.5,71.02,,BK1340
2026-09-09,铁矿石,1845.76,2.62,2302866581.0,3.63,41.22,,BK1371
2026-09-09,磨具磨料,9458.29,2.53,11783406558.0,8.26,5656.7,,BK1397
2026-09-09,铜,4191.15,2.48,35820214291.0,2.79,15.73,,BK1615
2026-09-09,焦煤,1337.29,2.45,3977499583.0,2.07,45.67,,BK1494
2026-09-09,炭黑,1914.76,2.3,1520355434.0,7.38,74.04,,BK1442
2026-09-09,黄金,7169.6,2.24,16999522222.0,3.15,24.33,,BK1617
2026-09-09,贵金属,2753.97,2.23,22639433032.0,3.84,24.84,,BK0732
2026-09-09,白银,5506.22,2.2,5639910810.0,6.44,27.63,,BK1616
2026-09-09,元件,60168.47,2.14,119081677089.0,6.17,69.36,,BK0459
2026-09-09,水产养殖,742.51,2.14,1116437972.0,8.52,-13.27,,BK1514
2026-09-09,港口,1684.96,2.03,3512772246.0,0.68,13.26,,BK1481
2026-09-09,水力发电,3998.74,2.03,3992070422.0,0.43,19.76,,BK1380
2026-09-09,冶钢原料,3899.2,1.81,2864989480.0,1.34,32.43,,BK1228
2026-09-09,火力发电,2409.67,1.64,15449598621.0,1.65,14.69,,BK1377
2026-09-09,工业金属,3480.96,1.61,59050428749.0,2.58,14.27,,BK1287
2026-09-09,地面兵装Ⅲ,3933.72,1.57,10420328301.0,5.78,300.72,,BK1382
2026-09-09,地面兵装Ⅱ,3933.72,1.57,10420328301.0,5.78,300.72,,BK1229
2026-09-09,农产品加工,2642.34,1.57,15470686328.0,8.49,53.84,,BK1256
2026-09-09,仓储物流,4218.24,1.48,560052136.0,1.48,78.14,,BK1486
2026-09-09,其他小金属,5242.92,1.45,11025571243.0,3.38,55.89,,BK1624
2026-09-09,玻纤制造,15476.57,1.42,16917443347.0,5.13,58.85,,BK1462
2026-09-09,集成电路封测,8505.69,1.37,17346013200.0,5.37,62.62,,BK1328
2026-09-09,线缆部件及其他,3817.87,1.32,23180385402.0,4.96,62.89,,BK1312
2026-09-09,其他农产品加工,2889.73,1.27,8370350989.0,7.34,69.22,,BK1505
2026-09-09,铝,2747.29,1.26,17439799159.0,2.24,11.21,,BK1613
2026-09-09,其他酒类,1612.01,1.22,2347287514.0,3.36,69.63,,BK1578
2026-09-09,电能综合服务,3336.67,1.22,2289417144.0,1.17,23.65,,BK1373
2026-09-09,铅锌,2671.52,1.2,5790415299.0,2.84,21.93,,BK1614
2026-09-09,超市,1836.61,1.2,3908156396.0,4.59,-33.9,,BK1552
2026-09-09,航空装备Ⅲ,4374.6,1.18,23648394890.0,2.34,78.23,,BK1384
2026-09-09,航空装备Ⅱ,4374.6,1.18,23648394890.0,2.34,78.23,,BK1231
2026-09-09,油品石化贸易,3274.96,1.14,1299504409.0,3.5,29.75,,BK1571
2026-09-09,国防军工,5676.06,1.1,64519976690.0,2.78,76.57,,BK1204
2026-09-09,复合肥,3694.41,1.1,2879375529.0,3.98,18.37,,BK1433
2026-09-09,有色金属,28204.85,1.07,118865041324.0,2.65,18.81,,BK0478
2026-09-09,其他通信设备,5360.24,1.02,3004995890.0,3.66,60.85,,BK1590
2026-09-09,小金属,3856.15,1.02,21930628117.0,2.29,41.28,,BK1027
2026-09-09,电力,19573.66,1.01,34480599322.0,1.16,21.64,,BK0428
2026-09-09,橡胶,1513.43,0.94,5251533027.0,4.3,100.21,,BK1018
2026-09-09,粮油加工,1697.45,0.93,5789833165.0,16.18,46.96,,BK1504
2026-09-09,种植业,3213.94,0.93,22474731318.0,14.27,133.63,,BK1261
2026-09-09,大宗用纸,2019.74,0.89,913915134.0,1.24,-26.66,,BK1544
2026-09-09,炼油化工,3966.34,0.86,7049108427.0,0.25,13.66,,BK1569
2026-09-09,炼化及贸易,3720.32,0.84,11017516828.0,0.39,14.08,,BK1274
2026-09-09,钨,8153.13,0.84,6209193890.0,2.96,33.03,,BK1625
2026-09-09,摩托车,3634.58,0.83,917026793.0,0.43,29.65,,BK1521
2026-09-09,空调,15664.95,0.81,3171143677.0,0.49,12.18,,BK1450
2026-09-09,公用事业,9647.95,0.81,38880468754.0,1.2,21.67,,BK0427
2026-09-09,水产饲料,6700.31,0.81,1308888715.0,3.68,29.05,,BK1509
2026-09-09,板材,843.44,0.8,3324434421.0,0.83,-482.12,,BK1367
2026-09-09,交通运输,2529.84,0.73,27544118674.0,0.83,19.0,,BK1210
2026-09-09,其他专业工程,3411.69,0.73,4196001381.0,0.93,146.03,,BK1477
2026-09-09,其他石化,3085.51,0.71,2668903991.0,3.2,40.88,,BK1570
2026-09-09,胶黏剂及胶带,2754.13,0.69,625946110.0,3.49,36.65,,BK1425
2026-09-09,钢铁,8210.85,0.68,7923967930.0,0.89,83.41,,BK0479
2026-09-09,氟化工,13598.03,0.66,7013161465.0,2.3,29.32,,BK1424
2026-09-09,非金属材料Ⅲ,2023.31,0.65,7315428501.0,3.98,-572.85,,BK1411
2026-09-09,非金属材料Ⅱ,2023.31,0.65,7315428501.0,3.98,-572.85,,BK1020
2026-09-09,被动元件,12626.08,0.65,20861189016.0,5.15,61.75,,BK1339
2026-09-09,摩托车及其他,3815.18,0.65,1972915118.0,0.73,26.74,,BK1263
2026-09-09,普钢,770.74,0.62,3753784491.0,0.84,-190.4,,BK1226
2026-09-09,钴,1025.35,0.61,397660900.0,1.82,15.5,,BK1620
2026-09-09,冶钢辅料,6264.3,0.61,562122899.0,0.76,26.71,,BK1372
2026-09-09,风力发电,2001.7,0.6,3584555607.0,0.81,36.71,,BK1374
2026-09-09,多业态零售,1529.09,0.6,2551444797.0,3.3,30.19,,BK1553
2026-09-09,镍,4564.91,0.55,1688286625.0,2.35,10.47,,BK1622
2026-09-09,彩电,4380.83,0.54,1006845012.0,0.99,18.72,,BK1453
2026-09-09,国有大型银行Ⅲ,3313.0,0.53,6321842710.0,0.1,7.86,,BK1611
2026-09-09,其他能源发电,1507.7,0.53,72517322.0,0.65,33.71,,BK1378
2026-09-09,玻璃玻纤,65308.06,0.51,17509767609.0,3.05,96.19,,BK0546
2026-09-09,半导体材料,12537.96,0.49,20477275975.0,3.05,392.22,,BK1325
2026-09-09,商用载客车,3326.16,0.49,745943362.0,1.28,13.24,,BK1531
2026-09-09,其他运输设备,1997.06,0.49,1055888325.0,1.5,22.31,,BK1522
2026-09-09,军工电子Ⅲ,6367.94,0.46,16291068759.0,2.31,320.15,,BK1386
2026-09-09,军工电子Ⅱ,6367.94,0.46,16291068759.0,2.31,320.15,,BK1233
2026-09-09,煤化工,2134.62,0.45,7502447720.0,3.11,15.56,,BK1419
2026-09-09,生猪养殖,4422.49,0.45,6020324052.0,3.25,-33.12,,BK1512
2026-09-09,农林牧渔,16399.88,0.43,58879761188.0,6.96,-141.54,,BK0433
2026-09-09,航天装备Ⅲ,4604.82,0.42,3426699727.0,1.27,371.56,,BK1385
2026-09-10,教育运营及其他,1319.09,6.02,1349100094.0,9.9,-123.6,,BK1556
2026-09-10,卫浴电器,1456.28,4.87,1177497080.0,7.63,47.88,,BK1452
2026-09-10,其他饰品,556.77,4.72,104974946.0,1.41,-22.44,,BK1356
2026-09-10,玻纤制造,16059.95,3.77,21698372211.0,6.83,60.35,,BK1462
2026-09-10,玻璃玻纤,66961.31,2.53,22504212693.0,4.21,98.51,,BK0546
2026-09-10,航海装备Ⅲ,5538.41,2.52,14955647407.0,5.72,28.37,,BK1383
2026-09-10,航海装备Ⅱ,5538.41,2.52,14955647407.0,5.72,28.37,,BK1230
2026-09-10,电能综合服务,3411.92,2.26,4574375345.0,2.31,23.86,,BK1373
2026-09-10,水力发电,4087.97,2.23,4695942069.0,0.55,19.82,,BK1380
2026-09-10,金融控股,2115.69,2.12,3039225680.0,1.18,16.32,,BK1359
2026-09-10,涂料,1039.83,1.97,271995673.0,1.74,-29.23,,BK1469
2026-09-10,印制电路板,13218.33,1.95,92840843057.0,6.3,71.35,,BK1340
2026-09-10,城商行Ⅲ,1715.35,1.93,9628550567.0,0.85,6.44,,BK1609
2026-09-10,快递,5267.44,1.91,1403289739.0,0.71,13.31,,BK1489
2026-09-10,国有大型银行Ⅲ,3363.16,1.51,7983084390.0,0.12,7.97,,BK1611
2026-09-10,银行,4446.64,1.47,27829344494.0,0.26,7.36,,BK1283
2026-09-10,银行Ⅱ,4446.64,1.47,27829344494.0,0.26,7.36,,BK0475
2026-09-10,玻璃制造,1874.09,1.43,805840482.0,1.85,-18.05,,BK1461
2026-09-10,厨卫电器,5932.5,1.41,1903353117.0,3.96,45.48,,BK1240
2026-09-10,风电整机,1377.54,1.35,2782840327.0,2.22,50.84,,BK1314
2026-09-10,元件,60948.98,1.3,109944043117.0,5.85,69.61,,BK0459
2026-09-10,火力发电,2439.55,1.24,19697998409.0,1.92,14.82,,BK1377
2026-09-10,期货,524.7,1.22,889475660.0,1.85,23.35,,BK1361
2026-09-10,光伏发电,3263.55,1.19,3470214122.0,2.77,-118.65,,BK1375
2026-09-10,农商行Ⅲ,484.19,1.17,2435120505.0,1.19,6.11,,BK1612
2026-09-10,汽车综合服务,1190.91,1.15,485613680.0,1.92,136.77,,BK1524
2026-09-10,多元金融,602.77,1.05,7145997007.0,1.22,15.34,,BK0738
2026-09-10,电力,19763.49,0.97,44268160985.0,1.45,21.74,,BK0428
2026-09-10,股份制银行Ⅲ,2438.72,0.88,7782589032.0,0.33,6.07,,BK1610
2026-09-10,非银金融,2489.21,0.87,34781907789.0,0.78,7.99,,BK1203
2026-09-10,公用事业,9731.15,0.86,51163689231.0,1.53,21.76,,BK0427
2026-09-10,证券Ⅲ,142100.47,0.83,22224946682.0,0.82,12.65,,BK1366
2026-09-10,证券Ⅱ,142100.47,0.83,22224946682.0,0.82,12.65,,BK0473
2026-09-10,风电设备,1226.26,0.81,7538427171.0,2.56,73.51,,BK1032
2026-09-10,风力发电,2016.97,0.76,4913613540.0,1.04,36.82,,BK1374
2026-09-10,风电零部件,1856.94,0.71,4755586844.0,2.77,103.84,,BK1313
2026-09-10,信托,1932.41,0.66,384212721.0,0.8,13.41,,BK1363
2026-09-10,焦炭Ⅲ,878.78,0.65,2529684227.0,4.15,-15.3,,BK1492
2026-09-10,焦炭Ⅱ,878.78,0.65,2529684227.0,4.15,-15.3,,BK1249
2026-09-10,房屋建设Ⅲ,1970.22,0.65,1797764736.0,0.65,9.15,,BK1470
2026-09-10,房屋建设Ⅱ,1970.22,0.65,1797764736.0,0.65,9.15,,BK1246
2026-09-10,燃气Ⅲ,2011.68,0.47,6895528246.0,2.76,22.06,,BK1381
2026-09-10,燃气Ⅱ,2011.68,0.47,6895528246.0,2.76,22.06,,BK1028
2026-09-10,租赁,2982.59,0.44,522924667.0,0.78,9.01,,BK1365
2026-09-10,人工景区,3035.03,0.43,2065848706.0,6.26,113.09,,BK1562
2026-09-10,核力发电,623.91,0.32,1204299375.0,0.31,24.72,,BK1376
2026-09-10,电信运营商,1013.38,0.32,1508266710.0,0.18,16.65,,BK1587
2026-09-10,保险Ⅲ,1401.47,0.31,5410964099.0,0.22,5.22,,BK1358
2026-09-10,保险Ⅱ,1401.47,0.31,5410964099.0,0.22,5.22,,BK0474
2026-09-10,瓷砖地板,1493.38,0.3,1841163107.0,4.89,100.29,,BK1538
2026-09-10,其他黑色家电,2810.91,0.28,716854628.0,2.28,63.7,,BK1454
2026-09-10,水泥制品,2102.32,0.25,598747334.0,2.32,-22.47,,BK1463
2026-09-10,港口,1689.06,0.24,3793684345.0,0.67,13.3,,BK1481
2026-09-10,半导体设备,46881.45,0.21,21294810195.0,1.73,105.73,,BK1326
2026-09-10,自然景区,3154.02,0.2,2795806397.0,5.54,48.93,,BK1563
2026-09-10,集成电路封测,8522.79,0.2,15555469786.0,5.28,62.37,,BK1328
2026-09-10,防水材料,6764.97,0.17,540720184.0,1.76,-104.86,,BK1465
2026-09-10,高速公路,2720.11,0.13,1637277748.0,0.61,14.55,,BK1483
2026-09-10,金融信息服务,5314.13,0.11,1786992703.0,5.33,29.38,,BK1360
2026-09-10,端到端供应链服务,1634.48,0.09,539068572.0,3.25,50.19,,BK1491
2026-09-10,汽车服务,968.93,0.06,669803607.0,1.25,88.01,,BK1016
2026-09-10,建筑材料,3715.59,0.06,27935524556.0,1.97,156.06,,BK1208
2026-09-10,旅游及景区,3210.05,0.02,6337462834.0,5.21,78.87,,BK1272
2026-09-10,钢结构,2810.07,0.01,869183646.0,1.69,74.86,,BK1474
2026-09-10,空调,15665.49,0.0,2898279184.0,0.42,12.21,,BK1450
2026-09-10,教育,639.59,-0.08,3250785858.0,3.72,-181.68,,BK0740
2026-09-10,资产管理,3573.65,-0.08,523165574.0,1.46,24.35,,BK1364
2026-09-10,通信网络设备及器件,14967.69,-0.12,75193942072.0,3.04,70.61,,BK1591
2026-09-10,其他专业工程,3406.73,-0.15,4470087110.0,1.34,145.96,,BK1477
2026-09-10,分立器件,15291.19,-0.16,14511923262.0,2.25,-99.18,,BK1327
2026-09-10,水泥,26467.27,-0.19,2054327466.0,0.91,-200.66,,BK0424
2026-09-10,航天装备Ⅲ,4595.49,-0.2,3639707825.0,1.3,371.66,,BK1385
2026-09-10,航天装备Ⅱ,4595.49,-0.2,3639707825.0,1.3,371.66,,BK1232
2026-09-10,铁路公路,8631.1,-0.21,3539489804.0,0.48,16.51,,BK0421
2026-09-10,专业工程,3661.09,-0.21,6461513240.0,1.29,29.93,,BK1248
2026-09-10,铁路运输,1487.57,-0.26,1242194632.0,0.31,17.55,,BK1485
2026-09-10,化学工程,2513.65,-0.27,640652759.0,0.86,9.72,,BK1476
2026-09-10,钢铁管材,600.42,-0.27,374093261.0,1.57,16.71,,BK1368
2026-09-10,油气开采Ⅲ,3582.06,-0.27,2547138787.0,1.6,12.14,,BK1574
2026-09-10,油气开采Ⅱ,3582.06,-0.27,2547138787.0,1.6,12.14,,BK1276
2026-09-10,产业地产,2317.82,-0.31,613405216.0,0.54,-7.03,,BK1344
2026-09-10,厨房电器,8573.88,-0.33,725856037.0,1.62,44.44,,BK1451
2026-09-10,被动元件,12582.11,-0.35,17103200059.0,4.48,61.63,,BK1339
2026-09-10,黑色家电,4165.54,-0.37,1445759735.0,1.09,22.67,,BK1241
2026-09-10,其他能源发电,1501.75,-0.39,84230454.0,0.7,33.53,,BK1378
2026-09-10,机场,1806.73,-0.41,491605805.0,0.58,25.8,,BK1480
2026-09-10,长材,536.16,-0.46,130199504.0,0.7,-5.55,,BK1369
2026-09-10,半导体材料,12479.13,-0.47,18010783596.0,2.53,391.23,,BK1325
2026-09-10,水泥制造,2086.59,-0.47,1455580132.0,0.66,-3444.93,,BK1464
2026-09-10,综合乘用车,2494.16,-0.47,1780605495.0,0.57,55.06,,BK1520
2026-09-10,交通运输,2517.84,-0.47,27796252123.0,0.81,18.96,,BK1210
2026-09-10,汽车经销商,1421.05,-0.48,184189926.0,0.93,68.14,,BK1523
2026-09-10,旅游综合,1821.48,-0.48,1475807731.0,4.04,237.18,,BK1561
2026-09-10,酒店,2452.2,-0.5,1500172288.0,4.7,25.13,,BK1560
2026-09-10,航空机场,4066.53,-0.51,1942249331.0,0.45,113.57,,BK0420
2026-09-10,原材料供应链服务,2973.84,-0.51,1243237482.0,1.21,-12.96,,BK1490
2026-09-10,集成电路制造,3563.23,-0.51,7393398398.0,1.04,131.93,,BK1329
2026-09-10,游戏Ⅲ,1328.08,-0.53,7910900110.0,2.28,22.98,,BK1301
2026-09-10,游戏Ⅱ,1328.08,-0.53,7910900110.0,2.28,22.98,,BK1046
2026-09-10,航运港口,12948.11,-0.54,17675483018.0,1.22,13.37,,BK0450
2026-09-11,通信线缆及配套,27073.48,5.84,50462477548.0,10.23,71.32,,BK1592
2026-09-11,玻纤制造,16809.98,4.67,26316878328.0,8.59,61.95,,BK1462
2026-09-11,地面兵装Ⅲ,4025.73,4.48,11890861509.0,7.45,306.72,,BK1382
2026-09-11,地面兵装Ⅱ,4025.73,4.48,11890861509.0,7.45,306.72,,BK1229
2026-09-11,其他数字媒体,947.2,3.78,1218576677.0,13.07,-103.29,,BK1295
2026-09-11,印制电路板,13652.15,3.28,114457506345.0,7.66,72.42,,BK1340
2026-09-11,文字媒体,2785.65,3.2,2979839724.0,10.99,-52.12,,BK1298
2026-09-11,玻璃玻纤,69004.38,3.05,27515246209.0,5.46,100.99,,BK0546
2026-09-11,元件,62794.88,3.03,147734892615.0,7.9,70.97,,BK0459
2026-09-11,彩电,4437.43,2.5,1414374829.0,1.25,18.52,,BK1453
2026-09-11,被动元件,12882.65,2.39,33277386270.0,8.64,64.32,,BK1339
2026-09-11,玻璃制造,1904.3,1.61,1198367881.0,2.65,-18.26,,BK1461
2026-09-11,光伏发电,3310.52,1.44,5597105534.0,4.15,-120.33,,BK1375
2026-09-11,水力发电,4146.53,1.43,8946660340.0,0.84,20.02,,BK1380
2026-09-11,其他通信设备,5372.42,1.14,3129459927.0,4.33,61.4,,BK1590
2026-09-11,橡胶助剂,4354.76,1.09,1532738276.0,4.87,59.46,,BK1443
2026-09-11,影视动漫制作,3703.65,1.0,4888560166.0,4.67,-47.86,,BK1299
2026-09-11,电信运营商,1021.56,0.81,2506872672.0,0.3,16.78,,BK1587
2026-09-11,纺织鞋类制造,387.49,0.8,83483774.0,0.22,15.45,,BK1347
2026-09-11,影视院线,3595.15,0.54,5753578169.0,4.26,-51.4,,BK1222
2026-09-11,通信设备,24261.6,0.52,177507106252.0,5.82,70.76,,BK0448
2026-09-11,国有大型银行Ⅲ,3376.31,0.39,11461351084.0,0.17,8.01,,BK1611
2026-09-11,空调,15722.78,0.37,3871118417.0,0.62,12.22,,BK1450
2026-09-11,风电整机,1380.96,0.25,3633780648.0,2.69,51.45,,BK1314
2026-09-11,胶黏剂及胶带,2731.23,0.12,753225560.0,4.29,36.21,,BK1425
2026-09-11,视频媒体,859.05,0.11,2299394114.0,12.66,49.96,,BK1296
2026-09-11,风电设备,1227.41,0.09,11791124824.0,3.96,74.12,,BK1032
2026-09-11,国防军工,5631.46,0.07,73058722887.0,3.13,75.99,,BK1204
2026-09-11,风电零部件,1858.13,0.06,8157344175.0,4.76,104.44,,BK1313
2026-09-11,通信网络设备及器件,14975.38,0.05,107026828816.0,4.53,71.56,,BK1591
2026-09-11,军工电子Ⅲ,6307.9,0.04,22939695243.0,2.99,316.56,,BK1386
2026-09-11,军工电子Ⅱ,6307.9,0.04,22939695243.0,2.99,316.56,,BK1233
2026-09-11,综合乘用车,2493.48,-0.03,3675764971.0,1.02,55.72,,BK1520
2026-09-11,通信,7768.57,-0.04,187688914375.0,2.19,32.45,,BK1215
2026-09-11,黑色家电,4163.87,-0.04,2060767308.0,1.44,22.58,,BK1241
2026-09-11,体育Ⅲ,845.12,-0.1,262813290.0,1.66,-39.43,,BK1564
2026-09-11,体育Ⅱ,845.12,-0.1,262813290.0,1.66,-39.43,,BK1273
2026-09-11,数字媒体,6534.23,-0.11,10316488867.0,6.45,172.29,,BK1221
2026-09-11,核力发电,621.84,-0.33,1134518412.0,0.31,24.68,,BK1376
2026-09-11,航空装备Ⅲ,4306.33,-0.37,21495460356.0,2.16,77.19,,BK1384
2026-09-11,航空装备Ⅱ,4306.33,-0.37,21495460356.0,2.16,77.19,,BK1231
2026-09-11,膜材料,3533.42,-0.41,8229342040.0,4.34,118.33,,BK1439
2026-09-11,电视广播Ⅲ,1223.98,-0.44,1697720113.0,1.53,-56.19,,BK1291
2026-09-11,电视广播Ⅱ,1223.98,-0.44,1697720113.0,1.53,-56.19,,BK1219
2026-09-11,电力,19674.7,-0.45,49906452356.0,1.61,21.7,,BK0428
2026-09-11,乘用车,3460.11,-0.46,7035885322.0,1.04,37.73,,BK1262
2026-09-11,教育出版,2180.55,-0.48,839972334.0,0.82,13.75,,BK1290
2026-09-11,线缆部件及其他,3716.42,-0.52,22391036390.0,5.16,61.7,,BK1312
2026-09-11,风力发电,2006.23,-0.53,5254795586.0,1.17,36.47,,BK1374
2026-09-11,股份制银行Ⅲ,2425.17,-0.56,9333303401.0,0.45,6.04,,BK1610
2026-09-11,出版,1948.44,-0.67,5440806693.0,2.22,19.91,,BK1218
2026-09-11,快递,5230.6,-0.7,1494472859.0,0.73,13.24,,BK1489
2026-09-11,传媒,9809.04,-0.74,43155941884.0,2.89,49.66,,BK0486
2026-09-11,广告媒体,2258.08,-0.76,639082975.0,0.86,25.03,,BK1292
2026-09-11,大众出版,1723.41,-0.78,4600834358.0,3.45,35.25,,BK1289
2026-09-11,清洁小家电,1945.68,-0.8,1317186898.0,0.98,21.49,,BK1459
2026-09-11,航天装备Ⅲ,4557.46,-0.83,3860263692.0,1.46,368.01,,BK1385
2026-09-11,航天装备Ⅱ,4557.46,-0.83,3860263692.0,1.46,368.01,,BK1232
2026-09-11,纺织服装设备,3412.29,-0.83,1621338454.0,2.95,61.79,,BK1401
2026-09-11,跨境电商,2534.5,-0.87,1329029688.0,5.54,38.11,,BK1547
2026-09-11,教育运营及其他,1307.34,-0.89,1505158685.0,10.51,-121.49,,BK1556
2026-09-11,白色家电,3238.35,-0.89,4822159822.0,0.63,14.0,,BK1239
2026-09-11,医美服务,619.81,-0.9,19358732.0,0.64,-10.07,,BK1499
2026-09-11,集成电路制造,3530.52,-0.92,20123585102.0,2.07,130.79,,BK1329
2026-09-11,粮食种植,1024.02,-0.92,1451176633.0,4.07,298.79,,BK1515
2026-09-11,其他电子Ⅲ,14573.41,-0.92,17380816259.0,4.58,40.79,,BK1336
2026-09-11,其他电子Ⅱ,14573.41,-0.92,17380816259.0,4.58,40.79,,BK1223
2026-09-11,公用事业,9638.88,-0.95,56222843986.0,1.67,21.7,,BK0427
2026-09-11,国际工程,2491.86,-0.95,630899354.0,1.37,13.01,,BK1475
2026-09-11,火力发电,2416.04,-0.96,18895419968.0,1.9,14.66,,BK1377
2026-09-11,热力服务,3306.94,-0.98,5167431132.0,3.58,49.87,,BK1379
2026-09-11,广告营销,4680.49,-1.03,10825829398.0,3.08,108.82,,BK1220
2026-09-11,营销代理,4465.74,-1.06,10186746423.0,4.82,-520.07,,BK1293
2026-09-11,院线,618.27,-1.07,865018002.0,2.3,-69.86,,BK1300
2026-09-11,银行,4398.25,-1.09,30632089339.0,0.31,7.37,,BK1283
2026-09-11,银行Ⅱ,4398.25,-1.09,30632089339.0,0.31,7.37,,BK0475
2026-09-11,建筑材料,3674.97,-1.09,34088991075.0,2.46,156.59,,BK1208
2026-09-11,电子,12730.57,-1.1,488620163478.0,3.19,65.16,,BK1201
2026-09-11,厨房小家电,2007.66,-1.12,1103884141.0,1.98,24.69,,BK1457
2026-09-11,厨房电器,8475.67,-1.15,899055399.0,2.09,44.64,,BK1451
2026-09-11,特钢Ⅲ,2009.27,-1.15,1940368033.0,1.2,22.05,,BK1370
2026-09-11,特钢Ⅱ,2009.27,-1.15,1940368033.0,1.2,22.05,,BK1227
2026-09-11,硅料硅片,1836.58,-1.15,983723748.0,1.4,-7.15,,BK1319
2026-09-11,高速公路,2688.69,-1.16,1668191849.0,0.66,14.48,,BK1483
2026-09-11,小家电,2082.4,-1.16,2539034683.0,1.53,23.65,,BK1244
2026-09-11,化学工程,2483.47,-1.2,858625002.0,1.25,9.55,,BK1476
2026-09-11,火电设备,1418.76,-1.24,281090254.0,1.29,133.03,,BK1321
2026-09-11,配电设备,3328.27,-1.28,3349509026.0,2.22,23.68,,BK1310
2026-09-11,学历教育,1968.29,-1.28,277150598.0,2.67,-305.5,,BK1558
2026-09-11,城商行Ⅲ,1692.78,-1.32,7283591313.0,0.74,6.37,,BK1609
2026-09-11,熟食,2047.57,-1.32,217025510.0,1.14,365.67,,BK1584
2026-09-11,电动乘用车,4063.0,-1.34,3360120350.0,1.1,33.02,,BK1519
2026-09-11,油品石化贸易,3176.18,-1.35,1073525920.0,3.25,28.98,,BK1571
2026-09-11,通信服务,1039.41,-1.38,10181808122.0,0.86,18.41,,BK0736
2026-09-11,通信应用增值服务,4386.37,-1.38,4778250151.0,3.58,58.58,,BK1589
2026-09-11,其他饰品,549.09,-1.38,82663313.0,1.33,-22.17,,BK1356
2026-09-11,其他金属新材料,3571.07,-1.39,5919664235.0,5.44,81.0,,BK1619
2026-09-11,电能综合服务,3363.85,-1.41,4796864368.0,2.56,23.74,,BK1373
2026-09-11,门户网站,3009.92,-1.42,3440437631.0,3.19,111.28,,BK1294
2026-09-11,教育,630.49,-1.42,3538518468.0,4.42,-178.12,,BK0740
2026-09-14,医疗研发外包,8328.56,5.75,22047818331.0,4.29,34.76,,BK1600
2026-09-14,胶黏剂及胶带,2852.49,4.44,1535592568.0,8.55,37.87,,BK1425
2026-09-14,医疗服务,1398.78,4.09,26451593134.0,2.8,39.73,,BK0727
2026-09-14,诊断服务,5475.68,4.03,1117314013.0,3.01,-121.28,,BK1602
2026-09-14,横向通用软件,6345.45,3.96,15261732488.0,4.08,180.96,,BK1448
2026-09-14,商用载客车,3340.76,3.87,1097660667.0,2.07,12.96,,BK1531
2026-09-14,摩托车,3644.07,3.62,1474479873.0,0.59,30.17,,BK1521
2026-09-14,其他生物制品,7613.33,3.2,8235864504.0,1.55,49.83,,BK1596
2026-09-14,印制电路板,14086.27,3.18,107023372500.0,7.73,72.06,,BK1340
2026-09-14,综合乘用车,2571.15,3.11,2573254221.0,0.78,56.19,,BK1520
2026-09-14,磨具磨料,9259.86,3.04,11920509381.0,9.14,5599.18,,BK1397
2026-09-14,乘用车,3554.58,2.73,6637418228.0,0.91,38.31,,BK1262
2026-09-14,元件,64496.58,2.71,143874546418.0,8.11,70.9,,BK0459
2026-09-14,生物制品,973.14,2.7,11212185022.0,1.26,627.49,,BK1044
2026-09-14,商用车,2514.29,2.58,3118753663.0,1.32,23.46,,BK1264
2026-09-14,食品及饲料添加剂,2123.28,2.53,3386651983.0,1.5,17.86,,BK1429
2026-09-14,蓄电池及其他电池,2219.18,2.51,1982786985.0,3.27,-55.51,,BK1306
2026-09-14,摩托车及其他,3790.27,2.47,2209936043.0,0.81,26.85,,BK1263
2026-09-14,炭黑,1889.08,2.42,1231643061.0,5.65,73.31,,BK1442
2026-09-14,纺织鞋类制造,396.78,2.4,73269346.0,0.19,15.82,,BK1347
2026-09-14,半导体材料,12488.67,2.36,25240003969.0,4.24,389.58,,BK1325
2026-09-14,氨纶,2574.48,2.3,292932421.0,0.58,17.77,,BK1412
2026-09-14,激光设备,19596.85,2.21,12534820630.0,4.94,75.04,,BK1409
2026-09-14,电子化学品Ⅲ,3172.85,2.17,26578319209.0,4.4,102.33,,BK1332
2026-09-14,电子化学品Ⅱ,3172.85,2.17,26578319209.0,4.4,102.33,,BK1039
2026-09-14,原料药,3796.51,2.12,7077014920.0,2.43,54.34,,BK1595
2026-09-14,电动乘用车,4147.92,2.09,4064164006.0,1.34,33.62,,BK1519
2026-09-14,膜材料,3606.37,2.06,7560104956.0,4.23,120.53,,BK1439
2026-09-14,线下药店,3421.39,2.04,679762713.0,1.09,18.35,,BK1606
2026-09-14,个护小家电,820.32,2.04,134337327.0,0.78,40.74,,BK1458
2026-09-14,其他自动化设备,6877.07,2.03,8445983580.0,2.71,101.0,,BK1410
2026-09-14,橡胶助剂,4442.34,2.01,2000534492.0,4.52,62.36,,BK1443
2026-09-14,其他医疗服务,4100.99,1.99,472629278.0,2.3,-57.12,,BK1599
2026-09-14,化学制药,35084.73,1.98,27440600325.0,2.21,49.12,,BK0465
2026-09-14,医药生物,4518.95,1.97,90210468589.0,1.82,43.87,,BK1216
2026-09-14,疫苗,4027.98,1.95,2581605929.0,1.68,-13.2,,BK1598
2026-09-14,化学制剂,3707.22,1.92,20363585405.0,2.15,48.26,,BK1594
2026-09-14,医疗设备,5581.69,1.89,5841990527.0,1.8,41.41,,BK1605
2026-09-14,纺织化学制品,1543.9,1.89,2023945419.0,2.68,26.91,,BK1423
2026-09-14,磁性材料,5264.13,1.88,3592314371.0,1.29,52.56,,BK1618
2026-09-14,商用载货车,1847.87,1.87,2021092995.0,1.15,38.07,,BK1530
2026-09-14,成品家居,2521.89,1.85,1345054817.0,1.42,125.91,,BK1537
2026-09-14,面板,3276.73,1.83,13584566652.0,1.62,73.44,,BK1335
2026-09-14,电池化学品,10204.68,1.77,11977177330.0,1.67,26.99,,BK1302
2026-09-14,锂电专用设备,20119.06,1.68,2483665506.0,2.27,75.35,,BK1304
2026-09-14,电池,1262.22,1.63,41166370467.0,1.99,24.51,,BK1033
2026-09-14,调味发酵品Ⅲ,4792.53,1.62,5211881643.0,2.38,27.05,,BK1576
2026-09-14,调味发酵品Ⅱ,4792.53,1.62,5211881643.0,2.38,27.05,,BK1278
2026-09-14,改性塑料,6898.93,1.62,2901182173.0,1.93,47.13,,BK1437
2026-09-14,其他养殖,946.56,1.6,490813384.0,2.33,-222.8,,BK1510
2026-09-14,医院,6327.5,1.59,2813831511.0,2.13,50.24,,BK1601
2026-09-14,厨房电器,8610.3,1.59,653608679.0,1.41,45.09,,BK1451
2026-09-14,仪器仪表,21208.63,1.57,13302041260.0,2.68,148.69,,BK0458
2026-09-14,模拟芯片设计,6313.62,1.55,9953487785.0,1.98,344.61,,BK1330
2026-09-14,通信应用增值服务,4453.74,1.54,4121696312.0,3.24,59.1,,BK1589
2026-09-14,被动元件,13078.82,1.52,36851173917.0,9.28,65.58,,BK1339
2026-09-14,其他运输设备,1969.01,1.52,735456170.0,1.37,21.82,,BK1522
2026-09-14,其他专用设备,5487.73,1.52,19397434363.0,2.22,76.17,,BK1405
2026-09-14,自动化设备,10641.11,1.5,31195626848.0,2.09,86.55,,BK1237
2026-09-14,中药Ⅲ,1325.2,1.5,9064451198.0,1.51,27.78,,BK1608
2026-09-14,中药Ⅱ,1325.2,1.5,9064451198.0,1.51,27.78,,BK1040
2026-09-14,涂料油墨,3617.68,1.47,2182692324.0,3.59,108.16,,BK1430
2026-09-14,软件开发,1045.74,1.45,31432263135.0,2.76,308.21,,BK0737
2026-09-14,橡胶,1469.83,1.45,4167365628.0,3.17,99.26,,BK1018
2026-09-14,原材料供应链服务,2967.66,1.44,1118652807.0,1.22,-12.73,,BK1490
2026-09-14,非金属材料Ⅲ,1950.38,1.44,6075972558.0,3.15,-559.3,,BK1411
2026-09-14,非金属材料Ⅱ,1950.38,1.44,6075972558.0,3.15,-559.3,,BK1020
2026-09-14,综合环境治理,1744.78,1.42,1492010017.0,2.23,-23.82,,BK1391
2026-09-14,热力服务,3353.53,1.41,5580036716.0,3.54,50.79,,BK1379
2026-09-14,特种纸,2415.06,1.4,1574946342.0,3.36,30.17,,BK1545
2026-09-14,照明设备Ⅲ,2850.3,1.38,1096990792.0,1.11,81.8,,BK1460
2026-09-14,照明设备Ⅱ,2850.3,1.38,1096990792.0,1.11,81.8,,BK1245
2026-09-14,医药商业,1100.36,1.36,2589065458.0,1.21,18.01,,BK1042
2026-09-14,玻纤制造,17038.34,1.36,26281745714.0,8.3,62.65,,BK1462
2026-09-14,洗护用品,548.22,1.36,180558830.0,1.76,27.1,,BK1496
2026-09-14,棉纺,2549.38,1.35,600579624.0,1.29,15.98,,BK1349
2026-09-14,其他电子Ⅲ,14768.3,1.34,16383779928.0,4.51,41.1,,BK1336
2026-09-14,其他电子Ⅱ,14768.3,1.34,16383779928.0,4.51,41.1,,BK1223
2026-09-14,钛白粉,1783.19,1.32,706786810.0,1.52,67.44,,BK1421
2026-09-14,个护用品,629.35,1.31,1233543676.0,1.96,27.14,,BK1251
2026-09-14,硅料硅片,1860.36,1.29,803064757.0,1.14,-7.22,,BK1319
2026-09-14,钨,7956.13,1.29,4147100591.0,2.0,32.25,,BK1625
2026-09-14,生活用纸,1200.65,1.29,1052984845.0,2.02,27.15,,BK1495
2026-09-14,燃料电池,255.43,1.28,34829403.0,1.03,-6.85,,BK1305
2026-09-14,工控设备,5474.42,1.27,5211697590.0,1.28,47.57,,BK1407
2026-09-14,塑料,21158.85,1.27,15800994371.0,2.83,70.07,,BK0454
2026-09-14,配电设备,3370.33,1.26,3296688733.0,1.95,24.12,,BK1310
2026-09-14,电机Ⅲ,2271.73,1.24,2472344274.0,1.29,57.79,,BK1307
2026-09-14,电机Ⅱ,2271.73,1.24,2472344274.0,1.29,57.79,,BK1030
2026-09-14,纺织服装设备,3454.24,1.23,2045810286.0,3.96,63.01,,BK1401
2026-09-14,医疗器械,896.34,1.23,13452573450.0,1.31,42.95,,BK1041
2026-09-14,体外诊断,3270.74,1.21,3072935300.0,1.06,51.27,,BK1603
2026-09-14,物业管理,1786.78,1.18,556320888.0,1.25,-7.07,,BK1343
2026-09-14,农商行Ⅲ,479.69,1.16,2108091177.0,1.0,6.05,,BK1612
2026-09-14,电子,12878.49,1.16,429962094959.0,2.78,64.35,,BK1201
2026-09-14,汽车经销商,1410.04,1.16,223785995.0,1.21,67.36,,BK1523
2026-09-14,光学光电子,2024.39,1.16,31004961677.0,1.79,132.82,,BK1038
2026-09-14,锂电池,16934.59,1.16,24687911242.0,2.12,21.58,,BK1303
2026-09-14,保健品,3405.82,1.14,422719894.0,1.46,215.57,,BK1579
2026-09-14,综合电商,997.54,1.14,214013467.0,0.22,17.13,,BK1548
2026-09-15,钨,8423.96,5.88,12945516510.0,6.27,33.84,,BK1625
2026-09-15,风电零部件,1930.59,4.78,10241965795.0,5.3,109.1,,BK1313
2026-09-15,风电设备,1269.43,4.2,14444138192.0,4.44,76.44,,BK1032
2026-09-15,教育运营及其他,1238.7,2.88,1146717911.0,8.96,-111.79,,BK1556
2026-09-15,半导体设备,47312.18,2.86,36482739953.0,2.47,106.5,,BK1326
2026-09-15,集成电路封测,8597.05,2.35,15393311142.0,4.88,61.87,,BK1328
2026-09-15,锂电专用设备,20583.66,2.31,5199900855.0,3.69,78.26,,BK1304
2026-09-15,电子化学品Ⅲ,3239.32,2.1,31348819132.0,5.41,104.11,,BK1332
2026-09-15,电子化学品Ⅱ,3239.32,2.1,31348819132.0,5.41,104.11,,BK1039
2026-09-15,稀土,9088.23,1.97,3888723879.0,1.42,47.03,,BK1626
2026-09-15,膜材料,3672.02,1.82,12211071872.0,7.08,124.11,,BK1439
2026-09-15,半导体材料,12715.06,1.81,28119225937.0,4.02,396.98,,BK1325
2026-09-15,其他化学纤维,2959.02,1.79,1520944522.0,1.47,53.64,,BK1415
2026-09-15,半导体,2631.15,1.34,191371672167.0,2.72,75.96,,BK1036
2026-09-15,风电整机,1393.78,1.18,4202172396.0,3.09,52.02,,BK1314
2026-09-15,分立器件,15171.37,1.11,14562886069.0,3.12,-97.08,,BK1327
2026-09-15,数字芯片设计,23435.18,0.99,76062894130.0,2.35,50.9,,BK1331
2026-09-15,胶黏剂及胶带,2878.5,0.91,1729072026.0,10.07,38.26,,BK1425
2026-09-15,门户网站,3065.77,0.78,4974341453.0,5.54,111.75,,BK1294
2026-09-15,小金属,3741.83,0.74,26037242765.0,2.54,39.97,,BK1027
2026-09-15,风力发电,2013.22,0.65,5618073712.0,1.43,36.56,,BK1374
2026-09-15,印制电路板,14174.59,0.63,110017332188.0,8.04,72.42,,BK1340
2026-09-15,玻纤制造,17138.35,0.59,32793227889.0,8.8,64.73,,BK1462
2026-09-15,元件,64868.36,0.58,139242749043.0,7.94,71.24,,BK0459
2026-09-15,焦炭Ⅲ,827.97,0.55,2164723711.0,3.44,-14.4,,BK1492
2026-09-15,焦炭Ⅱ,827.97,0.55,2164723711.0,3.44,-14.4,,BK1249
2026-09-15,金属包装,2860.61,0.5,769371243.0,1.15,34.02,,BK1532
2026-09-15,氟化工,12901.27,0.49,5969542844.0,1.92,27.75,,BK1424
2026-09-15,磁性材料,5288.3,0.46,3093872133.0,1.18,52.7,,BK1618
2026-09-15,被动元件,13137.52,0.45,29225416854.0,7.66,65.86,,BK1339
2026-09-15,模拟芯片设计,6339.22,0.41,9233523283.0,1.7,346.55,,BK1330
2026-09-15,电池,1266.99,0.38,54534135780.0,2.35,23.84,,BK1033
2026-09-15,电子,12916.18,0.29,445339723589.0,2.84,64.72,,BK1201
2026-09-15,集成电路制造,3466.29,0.28,11517091650.0,1.24,130.78,,BK1329
2026-09-15,锂电池,16965.15,0.18,34149078585.0,2.66,20.67,,BK1303
2026-09-15,电池化学品,10222.25,0.17,13063675368.0,1.74,26.99,,BK1302
2026-09-15,油品石化贸易,3138.31,0.07,787750746.0,2.12,28.79,,BK1571
2026-09-15,塑料,21152.9,-0.03,22229644632.0,4.1,70.61,,BK0454
2026-09-15,焦煤,1258.66,-0.04,2023348668.0,1.15,43.23,,BK1494
2026-09-15,煤炭,14116.72,-0.05,11280213074.0,1.37,18.45,,BK0437
2026-09-15,其他酒类,1538.61,-0.12,1237144451.0,1.77,66.88,,BK1578
2026-09-15,冶钢辅料,6058.39,-0.13,355085295.0,0.53,25.75,,BK1372
2026-09-15,炼油化工,3661.12,-0.17,4821729529.0,0.18,13.15,,BK1569
2026-09-15,其他专业工程,3322.68,-0.17,3934295974.0,1.16,142.3,,BK1477
2026-09-15,通信终端及配件,4006.43,-0.18,12351119906.0,3.34,66.54,,BK1593
2026-09-15,清洁小家电,1932.33,-0.18,1020374209.0,0.76,21.49,,BK1459
2026-09-15,其他自动化设备,6864.41,-0.18,7418063890.0,2.16,100.53,,BK1410
2026-09-15,光学元件,15154.54,-0.19,10838048398.0,2.15,230.12,,BK1334
2026-09-15,水力发电,4174.13,-0.19,6185783490.0,0.62,20.0,,BK1380
2026-09-15,彩电,4417.28,-0.2,1192435130.0,0.97,18.53,,BK1453
2026-09-15,煤炭开采,1942.66,-0.2,9115489363.0,1.05,17.47,,BK1250
2026-09-15,纺织鞋类制造,395.96,-0.21,60863342.0,0.15,15.78,,BK1347
2026-09-15,生猪养殖,4167.15,-0.21,5315255077.0,2.62,-32.19,,BK1512
2026-09-15,有机硅,3209.03,-0.23,1784232179.0,3.06,-93.76,,BK1431
2026-09-15,航空运输,1266.98,-0.24,1307964378.0,0.43,-2451.31,,BK1479
2026-09-15,黑色家电,4149.62,-0.28,1597763750.0,1.02,22.55,,BK1241
2026-09-15,金属新材料,5524.72,-0.29,7951295411.0,2.16,64.56,,BK1288
2026-09-15,动力煤,2496.09,-0.3,7092140694.0,1.02,16.43,,BK1493
2026-09-15,电信运营商,1018.85,-0.33,1378634111.0,0.16,16.78,,BK1587
2026-09-15,其他黑色家电,2745.74,-0.34,405328620.0,1.22,61.79,,BK1454
2026-09-15,钼,1303.09,-0.35,781224054.0,0.77,24.22,,BK1623
2026-09-15,国际工程,2461.63,-0.36,450776747.0,0.93,12.91,,BK1475
2026-09-15,医美耗材,1282.53,-0.42,185294082.0,0.36,30.21,,BK1500
2026-09-15,航空机场,3956.26,-0.48,1759485797.0,0.46,110.83,,BK0420
2026-09-15,印刷,3512.34,-0.52,91347293.0,1.14,42.42,,BK1534
2026-09-15,其他塑料制品,4975.86,-0.53,3278467526.0,2.1,52.02,,BK1440
2026-09-15,港口,1651.74,-0.55,2864353263.0,0.52,13.15,,BK1481
2026-09-15,光伏加工设备,6229.88,-0.56,2499789816.0,1.21,61.01,,BK1317
2026-09-15,期货,484.55,-0.57,321760975.0,0.75,21.58,,BK1361
2026-09-15,快递,5158.07,-0.57,742262144.0,0.39,13.1,,BK1489
2026-09-15,电力设备,5752.4,-0.58,131154866444.0,2.07,44.66,,BK1200
2026-09-15,改性塑料,6858.32,-0.59,3869047488.0,2.76,46.95,,BK1437
2026-09-15,航天装备Ⅲ,4451.27,-0.59,2081229119.0,0.78,362.05,,BK1385
2026-09-15,航天装备Ⅱ,4451.27,-0.59,2081229119.0,0.78,362.05,,BK1232
2026-09-15,数字媒体,6480.12,-0.6,9249046917.0,6.22,169.01,,BK1221
2026-09-15,面板,3257.04,-0.6,13881518508.0,1.8,73.86,,BK1335
2026-09-15,有色金属,26704.13,-0.63,78089219318.0,1.58,17.57,,BK0478
2026-09-15,通信线缆及配套,26556.06,-0.66,37568182023.0,8.51,69.77,,BK1592
2026-09-15,光学光电子,2011.01,-0.66,29503278591.0,1.9,132.94,,BK1038
2026-09-15,高速公路,2678.78,-0.66,1421666101.0,0.56,14.64,,BK1483
2026-09-15,非白酒,1999.23,-0.67,1628640282.0,1.06,21.25,,BK1279
2026-09-15,证券Ⅲ,135670.89,-0.69,13566115426.0,0.49,12.15,,BK1366
2026-09-15,证券Ⅱ,135670.89,-0.69,13566115426.0,0.49,12.15,,BK0473
2026-09-15,学历教育,1964.59,-0.69,346456386.0,3.15,-309.07,,BK1558
2026-09-15,医疗美容,981.89,-0.7,197109455.0,0.38,48.56,,BK1253
2026-09-15,综合电力设备商,1134.33,-0.7,857670793.0,0.43,30.66,,BK1323
2026-09-15,其他计算机设备,7669.59,-0.7,13120435937.0,1.91,59.71,,BK1446
2026-09-15,钴,958.29,-0.73,246184134.0,1.23,14.47,,BK1620
2026-09-15,其他小金属,5024.57,-0.73,8421778321.0,2.42,52.81,,BK1624
2026-09-15,白银,5063.3,-0.76,2637616337.0,2.79,25.38,,BK1616
2026-09-15,通信网络设备及器件,14727.29,-0.78,66536866455.0,3.07,68.49,,BK1591
2026-09-15,板材,806.14,-0.78,2254284450.0,0.57,-465.85,,BK1367
2026-09-15,工程机械整机,4078.72,-0.78,3756609651.0,0.92,18.06,,BK1393
2026-09-15,橡胶助剂,4406.8,-0.8,2196462916.0,4.47,63.69,,BK1443
2026-09-15,化学纤维,16143.44,-0.8,3110287638.0,1.2,34.65,,BK0471
2026-09-15,图片媒体,2694.99,-0.81,298696114.0,2.74,79.61,,BK1297
2026-09-15,养殖业,3945.79,-0.82,6515069108.0,2.41,-43.32,,BK1259
2026-09-15,铝,2590.55,-0.82,8530409688.0,1.37,10.28,,BK1613
2026-09-15,通信设备,23895.22,-0.83,118260550609.0,4.31,68.34,,BK0448
2026-09-15,贵金属,2607.42,-0.83,11049289209.0,1.83,23.58,,BK0732
2026-09-16,运动服装,2974.16,7.34,1170431983.0,6.68,62.37,,BK1355
2026-09-16,炭黑,1938.54,6.75,966384553.0,4.32,74.21,,BK1442
2026-09-16,半导体材料,13495.53,6.14,38570027649.0,6.03,422.96,,BK1325
2026-09-16,林业Ⅲ,5035.74,5.97,3095586724.0,14.12,-60.75,,BK1502
2026-09-16,林业Ⅱ,5035.74,5.97,3095586724.0,14.12,-60.75,,BK1255
2026-09-16,光学元件,15968.68,5.37,16477677361.0,2.81,242.45,,BK1334
2026-09-16,激光设备,20080.72,5.15,16874299234.0,5.61,78.74,,BK1409
2026-09-16,跨境电商,2642.77,5.09,2041189964.0,8.67,39.2,,BK1547
2026-09-16,分立器件,15938.0,5.05,21244305098.0,4.11,-102.15,,BK1327
2026-09-16,半导体设备,49693.11,5.03,48504300630.0,3.12,111.32,,BK1326
2026-09-16,模拟芯片设计,6655.87,5.0,15196060886.0,2.82,361.42,,BK1330
2026-09-16,半导体,2757.97,4.82,254823551781.0,3.75,78.87,,BK1036
2026-09-16,集成电路制造,3631.38,4.76,15844900902.0,1.98,137.2,,BK1329
2026-09-16,期货,506.35,4.5,855761106.0,1.7,22.43,,BK1361
2026-09-16,集成电路封测,8980.3,4.46,21971176424.0,6.46,64.46,,BK1328
2026-09-16,白银,5287.99,4.44,4296950069.0,4.48,26.34,,BK1616
2026-09-16,房产租赁经纪,1377.83,4.29,847657867.0,5.8,-33.46,,BK1341
2026-09-16,通信网络设备及器件,15331.97,4.11,102463802716.0,4.25,72.27,,BK1591
2026-09-16,电子化学品Ⅲ,3370.73,4.06,36908983524.0,6.06,108.15,,BK1332
2026-09-16,电子化学品Ⅱ,3370.73,4.06,36908983524.0,6.06,108.15,,BK1039
2026-09-16,其他电子Ⅲ,15183.0,3.96,16886596487.0,4.8,42.06,,BK1336
2026-09-16,其他电子Ⅱ,15183.0,3.96,16886596487.0,4.8,42.06,,BK1223
2026-09-16,防水材料,6558.38,3.88,600491217.0,1.95,-100.54,,BK1465
2026-09-16,数字芯片设计,24341.13,3.87,93492780188.0,3.01,52.34,,BK1331
2026-09-16,通信线缆及配套,27581.78,3.86,45588427869.0,9.69,71.4,,BK1592
2026-09-16,贵金属,2707.21,3.83,16453074985.0,2.69,24.4,,BK0732
2026-09-16,有机硅,3331.38,3.81,2877864362.0,3.93,-97.38,,BK1431
2026-09-16,电子,13407.33,3.8,537221406653.0,3.3,66.9,,BK1201
2026-09-16,印制电路板,14704.95,3.74,109801834635.0,7.22,74.09,,BK1340
2026-09-16,其他酒类,1595.56,3.7,1794372118.0,2.7,70.11,,BK1578
2026-09-16,黄金,7096.52,3.64,12156124916.0,2.21,24.04,,BK1617
2026-09-16,金属包装,2963.42,3.59,1521011296.0,1.71,35.07,,BK1532
2026-09-16,综合包装,1183.45,3.47,525716349.0,3.7,-85.31,,BK1536
2026-09-16,光学光电子,2080.39,3.45,40301704020.0,2.38,137.26,,BK1038
2026-09-16,医疗研发外包,8529.08,3.42,19707374009.0,3.77,35.05,,BK1600
2026-09-16,膜材料,3796.02,3.38,15050689510.0,8.8,129.41,,BK1439
2026-09-16,LED,7216.29,3.22,6883958012.0,3.01,-139.94,,BK1333
2026-09-16,通信设备,24660.27,3.2,164272823283.0,5.14,71.49,,BK0448
2026-09-16,元件,66921.58,3.17,138174169387.0,7.21,72.89,,BK0459
2026-09-16,橡胶,1483.57,3.07,4139002995.0,2.85,100.91,,BK1018
2026-09-16,互联网电商,2784.19,2.98,3084336241.0,2.36,40.24,,BK1268
2026-09-16,照明设备Ⅲ,2892.57,2.87,1402060824.0,1.64,84.04,,BK1460
2026-09-16,照明设备Ⅱ,2892.57,2.87,1402060824.0,1.64,84.04,,BK1245
2026-09-16,光伏加工设备,6407.09,2.84,3867269621.0,1.7,63.28,,BK1317
2026-09-16,稀土,9337.4,2.74,4627829198.0,1.7,47.87,,BK1626
2026-09-16,其他医疗服务,4135.1,2.73,582964711.0,2.67,-57.87,,BK1599
2026-09-16,消费电子零部件及组装,13501.54,2.65,47594680693.0,1.73,34.8,,BK1338
2026-09-16,其他塑料制品,5107.5,2.65,4276398217.0,2.73,53.4,,BK1440
2026-09-16,涂料油墨,3666.71,2.6,2558588440.0,3.84,110.32,,BK1430
2026-09-16,其他化学制品,4149.49,2.6,11624272225.0,2.68,77.25,,BK1428
2026-09-16,特种纸,2410.98,2.59,1630771189.0,4.1,30.29,,BK1545
2026-09-16,通信,7859.74,2.56,172814410422.0,1.87,32.58,,BK1215
2026-09-16,非金属材料Ⅲ,1978.86,2.55,6351760817.0,3.23,-580.4,,BK1411
2026-09-16,非金属材料Ⅱ,1978.86,2.55,6351760817.0,3.23,-580.4,,BK1020
2026-09-16,消费电子,2068.43,2.54,50126401452.0,1.72,34.05,,BK1037
2026-09-16,化妆品制造及其他,1933.46,2.53,424882759.0,1.09,48.29,,BK1497
2026-09-16,其他电源设备Ⅲ,9003.25,2.53,11466285920.0,2.08,95.59,,BK1322
2026-09-16,机床工具,1777.91,2.51,1962890601.0,1.35,61.93,,BK1395
2026-09-16,通信终端及配件,4106.66,2.5,14398218530.0,3.52,68.83,,BK1593
2026-09-16,其他建材Ⅲ,4619.96,2.49,1642682334.0,1.98,43.54,,BK1468
2026-09-16,自动化设备,10797.14,2.46,38166543230.0,2.28,88.21,,BK1237
2026-09-16,军工电子Ⅲ,6335.55,2.46,18537685154.0,2.27,322.27,,BK1386
2026-09-16,军工电子Ⅱ,6335.55,2.46,18537685154.0,2.27,322.27,,BK1233
2026-09-16,铅锌,2502.61,2.45,3922536911.0,1.89,20.79,,BK1614
2026-09-16,医疗服务,1412.45,2.43,23931804070.0,2.47,39.94,,BK0727
2026-09-16,园林工程,3393.59,2.42,672732607.0,1.85,-4.65,,BK1473
2026-09-16,氮肥,2053.5,2.4,1856513864.0,3.48,23.38,,BK1432
2026-09-16,其他黑色家电,2811.14,2.38,847146389.0,2.82,63.08,,BK1454
2026-09-16,面板,3334.44,2.38,16940068645.0,2.2,75.51,,BK1335
2026-09-16,其他金属新材料,3615.79,2.37,5752644629.0,3.26,82.5,,BK1619
2026-09-16,其他自动化设备,7025.15,2.34,7922047232.0,2.35,103.12,,BK1410
2026-09-16,辅料,2935.14,2.33,389255586.0,1.61,22.2,,BK1348
2026-09-16,学历教育,2010.19,2.32,569219216.0,4.79,-318.35,,BK1558
2026-09-16,塑料,21643.1,2.32,27942231545.0,5.1,72.71,,BK0454
2026-09-16,合成树脂,8348.12,2.31,4551089493.0,5.24,82.63,,BK1438
2026-09-16,工控设备,5529.62,2.28,7784840468.0,1.61,47.69,,BK1407
2026-09-16,制冷空调设备,4316.34,2.28,5077892551.0,2.83,63.57,,BK1400
2026-09-16,光伏辅材,2260.65,2.27,3764097099.0,1.86,-609.43,,BK1316
2026-09-16,其他数字媒体,913.94,2.25,983057706.0,10.86,-99.5,,BK1295
2026-09-16,洗护用品,550.96,2.23,202054768.0,2.62,27.18,,BK1496
2026-09-16,家电零部件Ⅲ,5142.51,2.22,6086252761.0,2.59,38.52,,BK1455
2026-09-16,家电零部件Ⅱ,5142.51,2.22,6086252761.0,2.59,38.52,,BK1242
2026-09-16,其他专业服务,1057.04,2.2,215754281.0,1.17,63.44,,BK1567
2026-09-16,其他电源设备Ⅱ,2989.58,2.17,12735885766.0,1.23,60.03,,BK1034
2026-09-16,资产管理,3394.49,2.16,510137157.0,1.48,22.99,,BK1364
2026-09-16,金属新材料,5644.04,2.16,8821613672.0,2.4,65.82,,BK1288
2026-09-16,装修装饰Ⅲ,906.21,2.15,2775734330.0,2.58,-104.2,,BK1478
2026-09-16,装修装饰Ⅱ,906.21,2.15,2775734330.0,2.58,-104.2,,BK0725
2026-09-16,铜,3860.14,2.15,18843219331.0,1.48,14.56,,BK1615
2026-09-16,钟表珠宝,1797.37,2.14,1414992781.0,1.87,21.19,,BK1357
2026-09-16,饰品,366.37,2.1,1473427340.0,1.75,23.39,,BK0734
2026-09-16,娱乐用品,2544.2,2.05,1222821904.0,1.85,-28615.2,,BK1543
2026-09-16,磨具磨料,9265.96,2.04,10111212701.0,7.64,5648.85,,BK1397
2026-09-16,非白酒,2040.03,2.04,2371317786.0,1.6,21.42,,BK1279
2026-09-16,锂电池,17311.27,2.04,47590266428.0,3.92,20.27,,BK1303
2026-09-16,其他专用设备,5530.13,2.03,23695289897.0,2.6,78.14,,BK1405
2026-09-16,化学制品,31193.48,2.01,36522248173.0,2.35,30.78,,BK0538
2026-09-16,其他通用设备,5747.52,1.99,9541829993.0,2.53,51.99,,BK1398
2026-09-16,鞋帽及其他,665.49,1.97,701326935.0,1.68,6961.71,,BK1354
2026-09-16,光伏发电,3278.33,1.96,3833635339.0,3.02,-119.76,,BK1375
2026-09-17,种子,4952.7,7.86,7621248698.0,13.26,151.43,,BK1518
2026-09-17,视频媒体,876.93,6.58,2545700058.0,13.83,51.0,,BK1296
2026-09-17,房产租赁经纪,1450.6,5.28,1453658348.0,9.17,-35.01,,BK1341
2026-09-17,其他养殖,979.59,5.13,628929110.0,3.03,-231.96,,BK1510
2026-09-17,种植业,2849.12,5.06,13714575907.0,9.97,115.46,,BK1261
2026-09-17,汽车经销商,1413.47,3.96,323330065.0,1.49,67.75,,BK1523
2026-09-17,跨境电商,2734.53,3.47,2760188211.0,12.09,40.39,,BK1547
2026-09-17,快递,5310.64,3.32,1497469895.0,0.76,13.17,,BK1489
2026-09-17,房地产综合服务,1324.87,3.26,50240463.0,1.71,56.39,,BK1342
2026-09-17,印染,1517.63,3.13,378477091.0,3.7,24.41,,BK1351
2026-09-17,其他种植业,1114.76,3.13,4523757363.0,10.86,-2378.05,,BK1516
2026-09-17,汽车服务,959.64,3.13,616264624.0,1.46,86.96,,BK1016
2026-09-17,教育运营及其他,1276.77,3.11,1169800694.0,8.75,-115.57,,BK1556
2026-09-17,商用载客车,3289.35,3.05,912568956.0,2.41,12.64,,BK1531
2026-09-17,人工景区,2764.27,2.91,1074699987.0,2.83,104.13,,BK1562
2026-09-17,农用机械,1748.21,2.82,582680866.0,1.43,258.9,,BK1404
2026-09-17,综合电商,1011.84,2.62,459429655.0,0.33,17.44,,BK1548
2026-09-17,培训教育,4903.35,2.39,1723678065.0,2.02,-190.4,,BK1557
2026-09-17,互联网电商,2849.32,2.34,4026920526.0,3.13,41.2,,BK1268
2026-09-17,食品及饲料添加剂,2133.35,2.29,3461166889.0,1.38,17.88,,BK1429
2026-09-17,航运,1686.94,2.21,11730702849.0,1.84,13.45,,BK1482
2026-09-17,粮油加工,1543.69,2.21,3388688179.0,10.53,42.15,,BK1504
2026-09-17,大众出版,1753.29,2.18,3337794170.0,2.34,35.53,,BK1289
2026-09-17,个护小家电,826.58,2.08,166021687.0,0.95,41.69,,BK1458
2026-09-17,出版,1956.93,2.03,4974728577.0,1.81,19.89,,BK1218
2026-09-17,风电零部件,1968.84,2.03,13937509961.0,7.42,111.04,,BK1313
2026-09-17,食用菌,1283.68,2.01,625695653.0,5.02,14.12,,BK1517
2026-09-17,教育,633.14,2.0,3269178711.0,3.48,-177.71,,BK0740
2026-09-17,粮食种植,968.7,1.99,943874192.0,2.82,283.92,,BK1515
2026-09-17,医疗研发外包,8698.3,1.98,23287043291.0,4.76,35.6,,BK1600
2026-09-17,鞋帽及其他,678.61,1.97,983401381.0,2.39,7122.69,,BK1354
2026-09-17,玻纤制造,17558.17,1.87,39768275763.0,9.5,66.6,,BK1462
2026-09-17,其他生物制品,7721.83,1.83,8460698646.0,1.37,49.8,,BK1596
2026-09-17,广告媒体,2264.36,1.8,591695694.0,0.85,24.64,,BK1292
2026-09-17,教育出版,2142.19,1.77,1636934406.0,1.2,13.61,,BK1290
2026-09-17,风电设备,1287.06,1.73,17664582827.0,5.66,76.52,,BK1032
2026-09-17,电动乘用车,4053.66,1.72,4331813278.0,1.55,33.36,,BK1519
2026-09-17,其他农产品加工,2479.98,1.71,2968183234.0,3.77,56.33,,BK1505
2026-09-17,玻璃玻纤,70205.43,1.7,41569624253.0,6.5,107.75,,BK0546
2026-09-17,娱乐用品,2586.65,1.67,1457588058.0,2.16,-29057.27,,BK1543
2026-09-17,数字媒体,6694.73,1.65,10622786573.0,6.88,174.22,,BK1221
2026-09-17,农林牧渔,14874.69,1.61,33253459909.0,4.35,-129.63,,BK0433
2026-09-17,汽车电子电气系统,3510.17,1.6,8179978915.0,4.32,34.94,,BK1529
2026-09-17,房地产服务,1104.77,1.59,2324333826.0,4.25,-10.01,,BK1045
2026-09-17,文娱用品,3241.83,1.58,1747874471.0,1.81,60.77,,BK1266
2026-09-17,乘用车,3487.49,1.57,6230614075.0,1.02,37.79,,BK1262
2026-09-17,门户网站,3174.37,1.57,4838544178.0,5.13,114.13,,BK1294
2026-09-17,农产品加工,2355.51,1.55,7116720316.0,4.75,47.63,,BK1256
2026-09-17,玻璃制造,1892.23,1.55,1801348489.0,3.8,-17.94,,BK1461
2026-09-17,面板,3386.01,1.55,29965009444.0,4.05,77.09,,BK1335
2026-09-17,商用车,2463.01,1.54,2973717902.0,1.29,22.9,,BK1264
2026-09-17,生物制品,979.58,1.49,11164945434.0,1.1,624.93,,BK1044
2026-09-17,综合乘用车,2528.44,1.49,1898800797.0,0.86,54.72,,BK1520
2026-09-17,底盘与发动机系统,4013.35,1.48,23290478466.0,3.12,29.62,,BK1526
2026-09-17,机床工具,1804.0,1.47,2806762004.0,1.97,62.62,,BK1395
2026-09-17,广告营销,4635.81,1.46,8851498065.0,2.58,107.7,,BK1220
2026-09-17,汽车综合服务,1169.06,1.46,292934559.0,1.38,134.11,,BK1524
2026-09-17,电视广播Ⅲ,1218.38,1.45,1553461026.0,1.46,-55.88,,BK1291
2026-09-17,电视广播Ⅱ,1218.38,1.45,1553461026.0,1.46,-55.88,,BK1219
2026-09-17,营销代理,4417.02,1.42,8259802370.0,3.92,-515.73,,BK1293
2026-09-17,烘焙食品,695.82,1.39,581671959.0,1.25,30.73,,BK1582
2026-09-17,原料药,3836.54,1.39,8253826707.0,2.44,55.03,,BK1595
2026-09-17,汽车,3818.43,1.35,57391697549.0,2.09,28.77,,BK1211
2026-09-17,医疗服务,1431.34,1.34,27990619222.0,2.89,40.43,,BK0727
2026-09-17,汽车零部件,42332.6,1.33,45733353792.0,2.73,26.2,,BK0481
2026-09-17,其他医疗服务,4189.73,1.32,1054083426.0,4.87,-58.14,,BK1599
2026-09-17,其他运输设备,1997.54,1.32,625759101.0,1.29,21.72,,BK1522
2026-09-17,硅料硅片,1849.19,1.32,1467519568.0,2.03,-7.1,,BK1319
2026-09-17,文化用品,2684.44,1.31,290286413.0,1.04,21.31,,BK1542
2026-09-17,传媒,9776.63,1.3,36843783171.0,2.48,49.03,,BK0486
2026-09-17,车身附件及饰件,4683.68,1.3,6397073447.0,1.84,17.59,,BK1525
2026-09-17,体外诊断,3263.14,1.27,2656061912.0,1.03,51.11,,BK1603
2026-09-17,影视动漫制作,3675.39,1.26,4659372352.0,4.62,-47.36,,BK1299
2026-09-17,影视院线,3552.29,1.25,5204068882.0,4.09,-50.67,,BK1222
2026-09-17,农业综合Ⅲ,2250.94,1.24,180066950.0,2.08,50.15,,BK1506
2026-09-17,农业综合Ⅱ,2250.94,1.24,180066950.0,2.08,50.15,,BK1257
2026-09-17,院线,601.62,1.23,544696530.0,1.56,-67.91,,BK1300
2026-09-17,焦炭Ⅲ,827.84,1.2,1770517406.0,3.04,-14.34,,BK1492
2026-09-17,焦炭Ⅱ,827.84,1.2,1770517406.0,3.04,-14.34,,BK1249
2026-09-17,厨房小家电,2007.11,1.16,780166395.0,1.49,25.15,,BK1457
2026-09-17,制冷空调设备,4366.4,1.16,8102833557.0,3.96,65.06,,BK1400
2026-09-17,小家电,2094.4,1.15,1828988516.0,1.23,23.83,,BK1244
2026-09-17,非运动服装,2081.69,1.14,3040941116.0,1.32,33.45,,BK1352
2026-09-17,橡胶助剂,4535.83,1.14,2701059618.0,4.53,66.72,,BK1443
2026-09-17,航运港口,12589.46,1.14,14743603138.0,1.01,13.29,,BK0450
2026-09-17,电商服务,2248.1,1.14,807302659.0,2.21,397.92,,BK1546
2026-09-17,化学制药,35122.35,1.12,28421294148.0,2.24,48.99,,BK0465
2026-09-17,诊断服务,5566.45,1.1,1090605907.0,3.12,-123.21,,BK1602
2026-09-17,乳品,2180.51,1.09,2238475505.0,1.03,23.75,,BK1585
2026-09-17,服装家纺,2383.47,1.07,5139211353.0,1.56,36.47,,BK1225
2026-09-17,水产饲料,6078.37,1.06,632051543.0,1.63,27.53,,BK1509
2026-09-17,楼宇设备,2295.77,1.05,1062944562.0,1.25,41.54,,BK1402
2026-09-17,旅游及景区,2925.98,1.04,4774430386.0,3.76,71.68,,BK1272
2026-09-17,其他酒类,1611.94,1.03,2655913445.0,3.56,71.04,,BK1578
2026-09-17,水产养殖,663.29,1.02,404090870.0,3.41,-11.81,,BK1514
2026-09-17,瓷砖地板,1479.65,1.02,1491302871.0,2.26,101.07,,BK1538
2026-09-17,化学制剂,3696.96,1.01,20167467440.0,2.18,47.99,,BK1594
2026-09-17,轮胎轮毂,2626.02,1.0,1693712850.0,1.01,15.87,,BK1527
2026-09-17,特种纸,2434.57,0.98,2100698499.0,4.9,30.4,,BK1545
2026-09-17,其他汽车零部件,4551.91,0.96,6172110113.0,2.21,48.6,,BK1528
2026-09-18,其他医疗服务,4471.41,6.72,1280330539.0,5.72,-62.37,,BK1599
2026-09-18,房产租赁经纪,1521.05,4.86,1988311763.0,12.17,-36.56,,BK1341
2026-09-18,半导体设备,52304.98,4.83,55716324921.0,3.48,116.31,,BK1326
2026-09-18,数字芯片设计,25435.54,4.68,133448513934.0,4.12,53.55,,BK1331
2026-09-18,集成电路制造,3757.56,4.59,20417654760.0,2.28,170.34,,BK1329
2026-09-18,光伏加工设备,6706.57,4.52,5425787028.0,2.33,66.39,,BK1317
2026-09-18,分立器件,16728.12,4.46,26222839442.0,4.8,-107.02,,BK1327
2026-09-18,集成电路封测,9230.89,4.43,34342279075.0,8.77,67.75,,BK1328
2026-09-18,模拟芯片设计,6909.09,4.42,19310467046.0,3.16,378.66,,BK1330
2026-09-18,半导体,2869.78,4.35,333927308087.0,4.65,83.0,,BK1036
2026-09-18,资产管理,3474.1,4.31,648958388.0,1.66,23.68,,BK1364
2026-09-18,诊断服务,5787.45,3.97,2553701833.0,6.47,-128.42,,BK1602
2026-09-18,白银,5164.56,3.9,4878494161.0,5.49,25.67,,BK1616
2026-09-18,跨境电商,2832.53,3.58,3460441195.0,14.06,41.36,,BK1547
2026-09-18,逆变器,13269.73,3.57,7661989076.0,2.53,23.2,,BK1320
2026-09-18,超市,1619.36,3.5,2409841163.0,3.13,-30.35,,BK1552
2026-09-18,光伏电池组件,2157.15,3.25,5006110108.0,1.86,-10.59,,BK1315
2026-09-18,生活用纸,1246.08,3.23,1511727901.0,2.49,28.11,,BK1495
2026-09-18,其他电源设备Ⅲ,9294.3,3.16,14293874530.0,2.37,99.8,,BK1322
2026-09-18,光伏设备,1116.54,3.15,24223364658.0,1.77,-35.18,,BK1031
2026-09-18,教育运营及其他,1316.91,3.14,1045663977.0,7.61,-119.17,,BK1556
2026-09-18,其他家居用品,6579.39,3.14,2202866963.0,2.35,28.21,,BK1540
2026-09-18,半导体材料,13867.41,3.11,44469228907.0,6.85,433.89,,BK1325
2026-09-18,其他电子Ⅲ,15441.28,3.01,18985982324.0,4.85,42.89,,BK1336
2026-09-18,其他电子Ⅱ,15441.28,3.01,18985982324.0,4.85,42.89,,BK1223
2026-09-18,其他电源设备Ⅱ,3081.22,3.0,15898821739.0,1.48,62.19,,BK1034
2026-09-18,医疗研发外包,8949.86,2.89,27726451386.0,6.28,35.92,,BK1600
2026-09-18,通信网络设备及器件,15777.52,2.86,116712081470.0,4.29,74.71,,BK1591
2026-09-18,电子,13743.15,2.81,648530884450.0,4.1,69.2,,BK1201
2026-09-18,运动服装,3032.36,2.81,854398500.0,4.77,63.02,,BK1355
2026-09-18,其他专业服务,1074.04,2.79,207491156.0,1.15,64.27,,BK1567
2026-09-18,航天装备Ⅲ,4579.77,2.79,4680364591.0,1.75,372.89,,BK1385
2026-09-18,航天装备Ⅱ,4579.77,2.79,4680364591.0,1.75,372.89,,BK1232
2026-09-18,仪器仪表,21998.31,2.79,18977655151.0,2.89,155.66,,BK0458
2026-09-18,医疗服务,1471.04,2.77,34963310836.0,3.91,40.9,,BK0727
2026-09-18,疫苗,4105.15,2.74,3302036203.0,1.96,-13.38,,BK1598
2026-09-18,电子化学品Ⅲ,3424.52,2.71,38341764053.0,6.9,110.23,,BK1332
2026-09-18,电子化学品Ⅱ,3424.52,2.71,38341764053.0,6.9,110.23,,BK1039
2026-09-18,铁矿石,1731.93,2.7,1026249362.0,1.75,38.85,,BK1371
2026-09-18,个护用品,649.8,2.68,1712824813.0,2.34,27.99,,BK1251
2026-09-18,磁性材料,5450.23,2.63,3675256979.0,1.54,54.13,,BK1618
2026-09-18,锂电专用设备,21272.76,2.62,3873367145.0,2.4,81.05,,BK1304
2026-09-18,其他专业工程,3454.15,2.61,5609075966.0,1.25,147.22,,BK1477
2026-09-18,成品家居,2595.27,2.6,1677912051.0,2.37,128.42,,BK1537
2026-09-18,商业地产,1246.21,2.59,2018751751.0,1.18,-9.69,,BK1345
2026-09-18,其他酒类,1653.38,2.57,2428713001.0,3.51,73.9,,BK1578
2026-09-18,光伏辅材,2309.73,2.56,3652951683.0,1.85,-617.64,,BK1316
2026-09-18,印染,1556.23,2.54,341583987.0,2.75,24.71,,BK1351
2026-09-18,家纺,4175.66,2.53,384142758.0,1.08,19.77,,BK1353
2026-09-18,油品石化贸易,3218.86,2.52,931724436.0,2.18,30.08,,BK1571
2026-09-18,横向通用软件,6351.75,2.51,13124137570.0,3.23,180.02,,BK1448
2026-09-18,瓷砖地板,1516.77,2.51,1662982652.0,2.75,102.84,,BK1538
2026-09-18,其他自动化设备,7247.27,2.48,9142167047.0,3.32,105.26,,BK1410
2026-09-18,光学元件,16399.76,2.44,18328928739.0,3.2,250.32,,BK1334
2026-09-18,家居用品,48960.38,2.43,8590784416.0,2.8,49.92,,BK0440
2026-09-18,其他建材Ⅲ,4763.24,2.4,2108387234.0,2.27,44.91,,BK1468
2026-09-18,制冷空调设备,4470.32,2.38,9141736281.0,4.43,67.27,,BK1400
2026-09-18,金属新材料,5704.66,2.37,9638243242.0,2.17,66.52,,BK1288
2026-09-18,会展服务,1170.56,2.37,276280157.0,2.25,40.33,,BK1565
2026-09-18,蓄电池及其他电池,2264.03,2.32,1862190188.0,2.6,-55.76,,BK1306
2026-09-18,百货,2040.41,2.32,5182403807.0,2.68,-46.16,,BK1551
2026-09-18,胶黏剂及胶带,2971.64,2.3,1097766305.0,5.67,39.47,,BK1425
2026-09-18,品牌化妆品,1414.29,2.3,2023237852.0,2.35,23.59,,BK1498
2026-09-18,其他通用设备,5861.68,2.28,16134725595.0,3.48,52.9,,BK1398
2026-09-18,光伏主材,9697.72,2.26,1164113690.0,0.86,-7.89,,BK1318
2026-09-18,火电设备,1436.4,2.26,402487523.0,1.35,137.11,,BK1321
2026-09-18,通用设备,50382.89,2.25,71946555844.0,3.2,88.02,,BK0545
2026-09-18,被动元件,13411.53,2.24,26859213184.0,6.5,67.76,,BK1339
2026-09-18,机床工具,1844.47,2.24,3104386307.0,2.52,64.49,,BK1395
2026-09-18,住宅开发,1891.76,2.24,11924202757.0,2.37,-3.62,,BK1346
2026-09-18,娱乐用品,2644.13,2.22,1878937283.0,2.84,-29657.54,,BK1543
2026-09-18,能源及重型设备,2084.84,2.22,9708567402.0,1.26,41.21,,BK1403
2026-09-18,其他金属新材料,3652.0,2.19,5962986262.0,2.7,83.32,,BK1619
2026-09-18,冶钢原料,3731.27,2.19,2061938126.0,1.36,31.04,,BK1228
2026-09-18,特种纸,2487.87,2.19,2328185545.0,4.97,31.0,,BK1545
2026-09-18,其他纺织,1974.03,2.17,1361486067.0,1.95,31.05,,BK1350
2026-09-18,其他计算机设备,7924.06,2.17,18931831193.0,2.18,62.09,,BK1446
2026-09-18,卫浴制品,663.62,2.17,1101115913.0,4.88,111.92,,BK1541
2026-09-18,通信设备,25161.93,2.15,188993071905.0,5.41,73.46,,BK0448
2026-09-18,输变电设备,3887.45,2.13,7416652813.0,1.87,34.25,,BK1311
2026-09-18,其他塑料制品,5198.3,2.12,4545905553.0,2.61,54.47,,BK1440
2026-09-18,房地产开发,13807.96,2.12,14850570634.0,2.03,-4.59,,BK0451
2026-09-18,互联网电商,2909.69,2.12,4774353765.0,3.6,41.9,,BK1268
2026-09-18,线缆部件及其他,3710.0,2.12,16815735373.0,4.57,60.22,,BK1312
2026-09-18,美容护理,877.91,2.11,4499296894.0,1.84,30.74,,BK1035
2026-09-18,环保设备Ⅲ,3479.88,2.11,3486584858.0,2.53,96.19,,BK1387
2026-09-18,环保设备Ⅱ,3479.88,2.11,3486584858.0,2.53,96.19,,BK1234
2026-09-18,纺织化学制品,1569.33,2.11,2146991853.0,2.74,27.18,,BK1423
2026-09-18,综合电力设备商,1145.81,2.1,1202459685.0,0.64,30.96,,BK1323
2026-09-18,电力设备,5929.23,2.1,145583688223.0,2.31,45.15,,BK1200
2026-09-18,其他通信设备,5350.4,2.06,1992130365.0,2.41,60.7,,BK1590
2026-09-18,厨房电器,8683.38,2.05,790903912.0,1.6,45.07,,BK1451
2026-09-18,自动化设备,11072.56,2.03,43992795566.0,2.59,90.82,,BK1237
2026-09-18,房地产,1973.51,2.02,17854838225.0,2.3,-4.77,,BK1202
2026-09-18,无机盐,3012.47,2.01,5193224773.0,3.33,78.68,,BK1422
2026-09-18,通信终端及配件,4184.98,2.01,17277204827.0,4.03,69.93,,BK1593
2026-09-18,电网设备,35951.81,2.0,36178875500.0,2.65,34.51,,BK0457
2026-09-18,生物制品,999.03,1.99,14425268578.0,1.44,635.86,,BK1044
2026-09-18,文娱用品,3305.8,1.97,2230164305.0,2.32,61.65,,BK1266
2026-09-18,其他生物制品,7872.51,1.95,10620047028.0,1.71,50.63,,BK1596
2026-09-21,其他医疗服务,4827.59,7.97,1639060715.0,6.7,-68.16,,BK1599
2026-09-21,房产租赁经纪,1632.85,7.35,2196790945.0,12.72,-39.16,,BK1341
2026-09-21,会展服务,1254.61,7.18,534246324.0,3.57,43.28,,BK1565
2026-09-21,宠物食品,1608.16,6.61,942429579.0,4.21,34.86,,BK1507
2026-09-21,防水材料,6966.07,6.14,1254402320.0,4.7,-106.23,,BK1465
2026-09-21,涂料,946.98,5.84,453066066.0,2.38,-28.69,,BK1469
2026-09-21,其他家电Ⅲ,1191.08,5.72,185789818.0,2.05,65.03,,BK1456
2026-09-21,其他家电Ⅱ,1191.08,5.72,185789818.0,2.05,65.03,,BK1243
2026-09-21,诊断服务,6111.61,5.6,2962488036.0,7.48,-135.75,,BK1602
2026-09-21,医疗研发外包,9421.27,5.27,31857656255.0,6.46,37.56,,BK1600
2026-09-21,医疗服务,1547.75,5.21,40316248512.0,4.07,42.69,,BK0727
2026-09-21,视频媒体,919.48,5.2,2280075996.0,11.88,53.47,,BK1296
2026-09-21,其他生物制品,8267.87,5.02,14428718169.0,2.48,53.27,,BK1596
2026-09-21,化学制剂,3901.85,4.79,39937881028.0,3.89,50.58,,BK1594
2026-09-21,化学制药,37036.64,4.69,52067934898.0,3.77,51.59,,BK0465
2026-09-21,资产管理,3634.16,4.61,1039852838.0,2.62,24.27,,BK1364
2026-09-21,房地产综合服务,1385.78,4.6,70133996.0,2.3,58.99,,BK1342
2026-09-21,广告媒体,2375.12,4.58,684461020.0,0.92,25.28,,BK1292
2026-09-21,生物制品,1044.73,4.57,19451963476.0,2.01,665.04,,BK1044
2026-09-21,房地产服务,1172.22,4.54,3562295309.0,5.6,-10.73,,BK1045
2026-09-21,期货,531.6,4.46,897499989.0,1.77,23.58,,BK1361
2026-09-21,原料药,4037.0,4.45,12130053870.0,3.34,57.76,,BK1595
2026-09-21,无机盐,3146.28,4.44,6052598719.0,3.46,82.73,,BK1422
2026-09-21,运动服装,3166.5,4.42,813172485.0,4.35,64.66,,BK1355
2026-09-21,油气及炼化工程,1799.87,4.35,2068287659.0,2.18,37.35,,BK1572
2026-09-21,食用菌,1344.43,4.33,706300561.0,5.25,14.79,,BK1517
2026-09-21,人工景区,2915.22,4.33,1433285700.0,3.04,108.62,,BK1562
2026-09-21,水产养殖,686.51,4.28,500099823.0,4.22,-12.23,,BK1514
2026-09-21,体外诊断,3446.94,4.22,5077561519.0,2.04,53.49,,BK1603
2026-09-21,疫苗,4273.69,4.11,4332740617.0,2.68,-13.87,,BK1598
2026-09-21,其他养殖,984.37,4.1,615015811.0,4.7,-234.26,,BK1510
2026-09-21,医院,6546.05,4.07,3857043504.0,2.46,51.23,,BK1601
2026-09-21,百货,2123.39,4.07,4621722002.0,2.62,-47.93,,BK1551
2026-09-21,医药生物,4768.86,4.06,150788551874.0,2.94,45.92,,BK1216
2026-09-21,食品及饲料添加剂,2210.96,3.88,4294625110.0,1.7,18.29,,BK1429
2026-09-21,饲料,3501.0,3.85,2874603069.0,1.97,-36.64,,BK1258
2026-09-21,物业管理,1852.97,3.83,1295370367.0,1.86,-7.43,,BK1343
2026-09-21,餐饮,1452.21,3.71,290179158.0,2.39,-71.58,,BK1559
2026-09-21,其他种植业,1161.51,3.7,3097023813.0,7.15,-2461.56,,BK1516
2026-09-21,畜禽饲料,1965.9,3.7,1187228772.0,1.83,-8.67,,BK1508
2026-09-21,鞋帽及其他,716.97,3.64,1702479512.0,3.83,7538.43,,BK1354
2026-09-21,氮肥,2108.34,3.63,2654911044.0,3.81,24.14,,BK1432
2026-09-21,民爆制品,4630.04,3.61,3086467679.0,2.13,37.28,,BK1427
2026-09-21,专业连锁Ⅲ,1329.43,3.6,1162980243.0,2.48,150.71,,BK1555
2026-09-21,专业连锁Ⅱ,1329.43,3.6,1162980243.0,2.48,150.71,,BK1270
2026-09-21,仓储物流,4147.28,3.53,514483976.0,1.27,77.41,,BK1486
2026-09-21,住宅开发,1957.64,3.48,18810434921.0,3.74,-3.77,,BK1346
2026-09-21,航海装备Ⅲ,5462.48,3.48,10664753131.0,2.8,29.46,,BK1383
2026-09-21,航海装备Ⅱ,5462.48,3.48,10664753131.0,2.8,29.46,,BK1230
2026-09-21,涤纶,1615.05,3.41,941903252.0,1.12,33.74,,BK1413
2026-09-21,医疗器械,940.95,3.39,21395181392.0,2.21,44.47,,BK1041
2026-09-21,金融信息服务,5069.24,3.38,1529391630.0,4.66,28.32,,BK1360
2026-09-21,房地产,2039.07,3.32,26616922702.0,3.41,-4.95,,BK1202
2026-09-21,其他酒类,1707.94,3.3,2874240627.0,3.45,77.42,,BK1578
2026-09-21,油服工程,1887.29,3.29,3596609118.0,1.28,22.14,,BK1275
2026-09-21,定制家居,7395.04,3.25,1882926821.0,2.8,63.0,,BK1539
2026-09-21,种植业,2930.07,3.24,10728322241.0,7.17,118.48,,BK1261
2026-09-21,中药Ⅲ,1356.57,3.22,12589744510.0,2.25,28.12,,BK1608
2026-09-21,中药Ⅱ,1356.57,3.22,12589744510.0,2.25,28.12,,BK1040
2026-09-21,医美耗材,1333.46,3.22,663368876.0,1.28,31.57,,BK1500
2026-09-21,通信线缆及配套,28653.98,3.21,46108085308.0,9.56,73.61,,BK1592
2026-09-21,肉制品,2671.25,3.19,1249140385.0,2.07,30.15,,BK1580
2026-09-21,端到端供应链服务,1645.0,3.19,802498554.0,3.49,51.04,,BK1491
2026-09-21,商业地产,1285.64,3.16,3265016290.0,2.07,-10.04,,BK1345
2026-09-21,装修装饰Ⅲ,949.76,3.16,4190795554.0,4.24,-109.12,,BK1478
2026-09-21,装修装饰Ⅱ,949.76,3.16,4190795554.0,4.24,-109.12,,BK0725
2026-09-21,纺织化学制品,1618.77,3.15,2864341699.0,3.55,28.11,,BK1423
2026-09-21,洗护用品,577.0,3.14,204906399.0,1.81,28.36,,BK1496
2026-09-21,保健品,3493.36,3.14,444762448.0,1.62,220.2,,BK1579
2026-09-21,医疗耗材,4459.3,3.13,7802797977.0,1.96,42.15,,BK1604
2026-09-21,品牌化妆品,1458.49,3.13,2076863684.0,2.45,24.29,,BK1498
2026-09-21,文化用品,2800.69,3.12,462866581.0,1.75,21.79,,BK1542
2026-09-21,房地产开发,14236.4,3.1,23054627392.0,3.22,-4.76,,BK0451
2026-09-21,纺织鞋类制造,404.61,3.09,104394188.0,0.27,15.65,,BK1347
2026-09-21,锦纶,601.83,3.06,340194042.0,1.63,184.76,,BK1414
2026-09-21,铁矿石,1784.84,3.05,1226800454.0,1.99,40.82,,BK1371
2026-09-21,渔业,1025.75,3.01,777866899.0,4.13,-21.07,,BK1260
2026-09-21,一般零售,17271.38,2.98,10456656915.0,2.18,-18.36,,BK0482
2026-09-21,医疗设备,5859.65,2.97,8514821894.0,2.67,42.73,,BK1605
2026-09-21,种子,5022.15,2.96,6247963744.0,10.03,153.76,,BK1518
2026-09-21,个护用品,668.94,2.95,1895290512.0,2.53,28.67,,BK1251
2026-09-21,印染,1601.42,2.9,1081575831.0,11.24,25.17,,BK1351
2026-09-21,食品加工,4282.54,2.9,2944858160.0,2.09,34.17,,BK1280
2026-09-21,横向通用软件,6535.15,2.89,12633614810.0,3.28,183.4,,BK1448
2026-09-21,改性塑料,7224.3,2.86,3937585083.0,2.51,49.3,,BK1437
2026-09-21,生活用纸,1281.68,2.86,1690384112.0,2.73,28.78,,BK1495
2026-09-21,乳品,2251.23,2.82,2670112050.0,1.21,24.05,,BK1585
2026-09-21,文娱用品,3398.75,2.81,2411262618.0,2.49,63.13,,BK1266
2026-09-21,稀土,9417.97,2.8,5257367449.0,2.0,48.34,,BK1626
2026-09-21,印制电路板,14904.11,2.78,108161250087.0,6.55,74.48,,BK1340
2026-09-21,卫浴制品,681.95,2.76,849868462.0,3.59,114.43,,BK1541
2026-09-21,复合肥,3326.94,2.76,1570814044.0,3.25,16.75,,BK1433
2026-09-21,其他农产品加工,2544.77,2.73,2625399388.0,3.49,57.99,,BK1505
2026-09-21,医药流通,2114.72,2.73,3538360735.0,2.21,18.06,,BK1607
2026-09-21,其他塑料制品,5339.87,2.72,4285624200.0,2.85,55.89,,BK1440
2026-09-21,娱乐用品,2715.95,2.72,1948396037.0,2.83,-30441.32,,BK1543
2026-09-21,美容护理,901.66,2.71,5271951419.0,2.12,29.56,,BK1035
2026-09-21,生猪养殖,4186.8,2.7,3964996111.0,1.92,-32.08,,BK1512
2026-09-21,其他通信设备,5494.59,2.69,1801824827.0,2.2,61.85,,BK1590
2026-09-21,酒店餐饮,2208.77,2.69,1094439286.0,2.78,33.08,,BK1271
2026-09-22,燃料电池,277.28,10.78,197457974.0,5.37,-7.43,,BK1305
2026-09-22,其他家电Ⅲ,1250.66,5.0,240532677.0,2.33,68.52,,BK1456
2026-09-22,其他家电Ⅱ,1250.66,5.0,240532677.0,2.33,68.52,,BK1243
2026-09-22,广告媒体,2474.96,4.2,641052301.0,0.82,25.42,,BK1292
2026-09-22,教育出版,2296.46,3.77,2090217927.0,1.59,14.69,,BK1290
2026-09-22,出版,2101.44,3.75,7222165053.0,2.57,21.34,,BK1218
2026-09-22,大众出版,1884.73,3.74,5131947126.0,3.42,37.92,,BK1289
2026-09-22,广告营销,4929.91,3.45,22106617995.0,5.64,114.34,,BK1220
2026-09-22,营销代理,4682.74,3.36,21465565693.0,9.4,-553.04,,BK1293
2026-09-22,房产租赁经纪,1686.57,3.29,2566857471.0,13.21,-40.52,,BK1341
2026-09-22,文化用品,2892.65,3.28,649826600.0,2.63,22.44,,BK1542
2026-09-22,其他医疗服务,4969.83,2.95,1916981330.0,6.87,-70.19,,BK1599
2026-09-22,学历教育,2065.48,2.88,502491312.0,4.51,-322.16,,BK1558
2026-09-22,卫浴制品,701.33,2.84,1508925159.0,7.06,117.97,,BK1541
2026-09-22,横向通用软件,6719.65,2.82,19177381770.0,4.16,188.53,,BK1448
2026-09-22,通信应用增值服务,4660.05,2.6,8515629465.0,3.9,62.99,,BK1589
2026-09-22,图片媒体,2841.99,2.5,574623102.0,5.06,83.95,,BK1297
2026-09-22,电视广播Ⅲ,1272.08,2.5,2875846688.0,2.36,-58.37,,BK1291
2026-09-22,电视广播Ⅱ,1272.08,2.5,2875846688.0,2.36,-58.37,,BK1219
2026-09-22,传媒,10276.35,2.48,60738424185.0,3.83,51.1,,BK0486
2026-09-22,数字芯片设计,26325.8,2.39,155599504347.0,4.57,55.63,,BK1331
2026-09-22,疫苗,4374.31,2.35,5494886255.0,3.14,-14.2,,BK1598
2026-09-22,会展服务,1283.51,2.3,795691283.0,5.42,43.75,,BK1565
2026-09-22,炭黑,1973.24,2.18,1734964060.0,8.06,75.97,,BK1442
2026-09-22,诊断服务,6242.18,2.14,3012896772.0,7.08,-139.17,,BK1602
2026-09-22,文字媒体,2778.3,2.09,3020879341.0,10.94,-52.69,,BK1298
2026-09-22,电商服务,2353.48,2.09,1803367042.0,3.42,412.16,,BK1546
2026-09-22,其他种植业,1185.72,2.08,3493601854.0,7.88,-2511.33,,BK1516
2026-09-22,金融信息服务,5173.78,2.06,1776803622.0,5.44,28.86,,BK1360
2026-09-22,食品及饲料添加剂,2255.12,2.0,4741932229.0,1.71,18.5,,BK1429
2026-09-22,跨境电商,2920.44,1.87,2735939731.0,8.32,42.65,,BK1547
2026-09-22,通信服务,1082.93,1.85,13103062071.0,0.77,18.27,,BK0736
2026-09-22,数字媒体,6952.5,1.81,13355165888.0,7.44,180.78,,BK1221
2026-09-22,印制电路板,15170.8,1.79,123475561144.0,7.4,74.54,,BK1340
2026-09-22,门户网站,3292.36,1.78,6916256617.0,5.88,117.41,,BK1294
2026-09-22,IT服务Ⅲ,8033.18,1.72,46332386549.0,3.22,-182.08,,BK1444
2026-09-22,IT服务Ⅱ,8033.18,1.72,46332386549.0,3.22,-182.08,,BK1238
2026-09-22,软件开发,1096.42,1.72,44250733124.0,3.3,317.77,,BK0737
2026-09-22,互联网电商,3000.19,1.69,4802067064.0,2.56,42.9,,BK1268
2026-09-22,房地产服务,1191.82,1.67,3719097885.0,5.52,-10.94,,BK1045
2026-09-22,动力煤,2596.99,1.67,8013354493.0,1.1,16.68,,BK1493
2026-09-22,生物制品,1061.84,1.64,23237638693.0,2.29,668.94,,BK1044
2026-09-22,镍,4382.03,1.64,1816230758.0,2.62,10.05,,BK1622
2026-09-22,影视动漫制作,3827.44,1.58,5847240091.0,5.1,-49.21,,BK1299
2026-09-22,视频媒体,933.98,1.58,1678910304.0,8.53,54.31,,BK1296
2026-09-22,其他生物制品,8397.81,1.57,17153081555.0,2.94,53.35,,BK1596
2026-09-22,计算机,8041.99,1.57,122470790742.0,3.26,127.76,,BK1207
2026-09-22,焦炭Ⅲ,850.25,1.56,2205346147.0,3.52,-14.69,,BK1492
2026-09-22,焦炭Ⅱ,850.25,1.56,2205346147.0,3.52,-14.69,,BK1249
2026-09-22,通信工程及服务,2831.08,1.49,3060152076.0,3.53,-60.07,,BK1588
2026-09-22,电动乘用车,4184.91,1.48,4338868154.0,1.67,34.03,,BK1519
2026-09-22,物业管理,1879.9,1.45,1099725164.0,1.5,-7.54,,BK1343
2026-09-22,培训教育,5049.59,1.45,2507810820.0,3.43,-196.34,,BK1557
2026-09-22,其他数字媒体,950.95,1.45,1164496521.0,12.23,-103.07,,BK1295
2026-09-22,涂料油墨,3817.11,1.41,2834871571.0,3.76,113.72,,BK1430
2026-09-22,医疗设备,5940.27,1.38,9669846438.0,2.97,42.98,,BK1605
2026-09-22,其他计算机设备,8174.1,1.37,26581636463.0,4.32,63.35,,BK1446
2026-09-22,垂直应用软件,8387.16,1.34,25073351354.0,2.89,513.25,,BK1447
2026-09-22,瓷砖地板,1563.14,1.34,2113600820.0,3.96,103.45,,BK1538
2026-09-22,清洁小家电,2031.23,1.34,1263570171.0,1.21,21.86,,BK1459
2026-09-22,体外诊断,3492.82,1.33,6506436375.0,2.44,54.22,,BK1603
2026-09-22,厨房小家电,2090.0,1.33,939846487.0,1.94,25.55,,BK1457
2026-09-22,纺织化学制品,1639.9,1.31,3041614609.0,3.37,28.71,,BK1423
2026-09-22,文娱用品,3442.74,1.29,2337842288.0,2.43,64.0,,BK1266
2026-09-22,游戏Ⅲ,1322.26,1.28,8638052650.0,2.6,22.22,,BK1301
2026-09-22,游戏Ⅱ,1322.26,1.28,8638052650.0,2.6,22.22,,BK1046
2026-09-22,小家电,2175.83,1.28,2356188874.0,1.6,24.28,,BK1244
2026-09-22,其他黑色家电,2846.14,1.25,596453120.0,1.58,63.71,,BK1454
2026-09-22,磁性材料,5609.17,1.22,4343258895.0,2.2,55.41,,BK1618
2026-09-22,教育,653.12,1.18,4238460540.0,4.57,-183.88,,BK0740
2026-09-22,煤炭,14495.96,1.16,12439213429.0,1.44,18.71,,BK0437
2026-09-22,品牌消费电子,2754.01,1.14,3904660062.0,2.51,27.98,,BK1337
2026-09-22,医疗器械,951.68,1.14,23918173398.0,2.38,44.8,,BK1041
2026-09-22,定制家居,7476.46,1.1,1909065986.0,2.77,63.58,,BK1539
2026-09-22,元件,68573.17,1.1,150801684643.0,7.26,73.23,,BK0459
2026-09-22,计算机设备,1620.47,1.09,31887671068.0,3.29,38.91,,BK0735
2026-09-22,氮肥,2131.14,1.08,2585362186.0,4.93,24.2,,BK1432
2026-09-22,仪器仪表,22712.28,1.08,19219350870.0,3.25,153.77,,BK0458
2026-09-22,涤纶,1632.23,1.06,845209151.0,0.95,33.87,,BK1413
2026-09-22,煤炭开采,1994.75,1.06,10233867281.0,1.13,17.71,,BK1250
2026-09-22,空调,15203.93,1.05,4640071384.0,0.62,11.75,,BK1450
2026-09-22,影视院线,3690.92,1.02,6540575909.0,4.56,-52.48,,BK1222
2026-09-22,个护小家电,849.73,1.01,152772214.0,0.92,41.38,,BK1458
2026-09-22,家居用品,50581.19,1.0,9025920859.0,3.09,51.01,,BK0440
2026-09-22,运动服装,3198.07,1.0,861650905.0,4.43,64.46,,BK1355
2026-09-22,保险Ⅲ,1389.76,1.0,6882946009.0,0.29,5.2,,BK1358
2026-09-22,保险Ⅱ,1389.76,1.0,6882946009.0,0.29,5.2,,BK0474
2026-09-22,综合电力设备商,1159.58,0.98,1243747353.0,0.88,31.38,,BK1323
2026-09-22,乳品,2272.95,0.96,2635224082.0,1.24,24.24,,BK1585
2026-09-22,商用载货车,1810.07,0.94,3507929274.0,1.17,37.88,,BK1530
2026-09-22,医疗研发外包,9508.23,0.92,29325268599.0,6.88,37.4,,BK1600
2026-09-22,塑料包装,4169.76,0.91,1464031640.0,2.3,30.71,,BK1533
2026-09-22,铜,3886.04,0.9,19754124588.0,1.56,14.44,,BK1615
2026-09-22,黑色家电,4260.45,0.85,1748064973.0,1.14,22.85,,BK1241
2026-09-22,其他专业服务,1108.05,0.84,273160102.0,1.39,66.67,,BK1567
2026-09-22,纺织鞋类制造,408.01,0.84,85037454.0,0.22,15.78,,BK1347
2026-09-22,家用电器,24141.72,0.82,19916561317.0,1.4,18.24,,BK0456
2026-09-22,医疗耗材,4495.32,0.81,7741890584.0,1.82,42.39,,BK1604
2026-09-22,医疗服务,1560.23,0.81,38528263273.0,4.38,42.59,,BK0727
2026-09-22,通信终端及配件,4292.91,0.8,16060523752.0,4.77,70.29,,BK1593
2026-09-24,林业Ⅲ,5182.62,5.83,3104052219.0,14.09,-61.77,,BK1502
2026-09-24,林业Ⅱ,5182.62,5.83,3104052219.0,14.09,-61.77,,BK1255
2026-09-24,其他医疗服务,5187.03,4.29,3459574797.0,13.29,-73.98,,BK1599
2026-09-24,其他家电Ⅲ,1335.5,4.24,565064800.0,4.79,74.18,,BK1456
2026-09-24,其他家电Ⅱ,1335.5,4.24,565064800.0,4.79,74.18,,BK1243
2026-09-24,纺织鞋类制造,414.43,4.14,168671448.0,0.43,16.03,,BK1347
2026-09-24,风电零部件,1994.89,2.67,10520214026.0,5.18,110.87,,BK1313
2026-09-24,运动服装,3334.55,2.53,596651903.0,3.1,66.07,,BK1355
2026-09-24,焦炭Ⅲ,825.11,2.25,1833041389.0,2.86,-14.22,,BK1492
2026-09-24,焦炭Ⅱ,825.11,2.25,1833041389.0,2.86,-14.22,,BK1249
2026-09-24,风电设备,1300.78,2.15,12527333429.0,3.78,76.17,,BK1032
2026-09-24,公路货运,4086.14,2.08,241768421.0,1.11,-86.6,,BK1487
2026-09-24,诊断服务,6453.29,1.97,2772682202.0,5.68,-141.66,,BK1602
2026-09-24,学历教育,2060.03,1.94,427788049.0,3.75,787.43,,BK1558
2026-09-24,其他养殖,951.47,1.76,469211447.0,4.22,-226.66,,BK1510
2026-09-24,棉纺,2658.71,1.74,707458248.0,1.66,16.55,,BK1349
2026-09-24,其他纺织,2000.25,1.31,1530198938.0,2.3,31.31,,BK1350
2026-09-24,纺织制造,2651.09,1.31,3567833992.0,2.54,21.07,,BK1224
2026-09-24,铁路运输,1499.35,1.21,1919469802.0,0.34,17.08,,BK1485
2026-09-24,管材,1903.26,1.15,605421787.0,1.2,46.45,,BK1466
2026-09-24,水泥制品,2084.04,1.14,555370111.0,1.7,-22.02,,BK1463
2026-09-24,体育Ⅲ,834.54,0.95,279446196.0,1.71,-38.77,,BK1564
2026-09-24,体育Ⅱ,834.54,0.95,279446196.0,1.71,-38.77,,BK1273
2026-09-24,电视广播Ⅲ,1257.32,0.77,2739120251.0,2.35,-57.4,,BK1291
2026-09-24,电视广播Ⅱ,1257.32,0.77,2739120251.0,2.35,-57.4,,BK1219
2026-09-24,机场,1777.93,0.73,643975772.0,0.62,24.85,,BK1480
2026-09-24,仓储物流,4129.02,0.73,463560702.0,1.01,77.18,,BK1486
2026-09-24,教育,648.15,0.68,3997203424.0,3.44,-209.07,,BK0740
2026-09-24,非运动服装,2133.03,0.68,3851093013.0,1.65,37.32,,BK1352
2026-09-24,航运,1669.75,0.68,7117425079.0,1.15,13.23,,BK1482
2026-09-24,航运港口,12451.5,0.68,9260578979.0,0.68,13.08,,BK0450
2026-09-24,港口,1620.23,0.68,2143153899.0,0.42,12.87,,BK1481
2026-09-24,煤炭,14198.76,0.66,10349105038.0,1.21,18.63,,BK0437
2026-09-24,培训教育,5044.54,0.65,2978587491.0,3.12,-199.96,,BK1557
2026-09-24,教育出版,2280.23,0.65,1591929268.0,1.1,14.83,,BK1290
2026-09-24,国有大型银行Ⅲ,3364.44,0.63,8781118902.0,0.13,7.99,,BK1611
2026-09-24,出版,2068.7,0.62,6830125986.0,2.34,21.16,,BK1218
2026-09-24,大众出版,1846.45,0.61,5238196718.0,3.41,36.93,,BK1289
2026-09-24,工程机械整机,4092.17,0.6,5051146661.0,1.48,16.81,,BK1393
2026-09-24,辅料,3030.73,0.59,470978743.0,1.99,23.01,,BK1348
2026-09-24,生活用纸,1298.66,0.58,1603763514.0,2.46,29.09,,BK1495
2026-09-24,厨房小家电,2077.38,0.58,845598907.0,1.99,25.46,,BK1457
2026-09-24,电信运营商,1008.8,0.53,1768360339.0,0.18,16.66,,BK1587
2026-09-24,焦煤,1239.6,0.51,1775200783.0,1.11,42.39,,BK1494
2026-09-24,个护用品,671.78,0.47,1764542281.0,2.18,28.78,,BK1251
2026-09-24,服装家纺,2473.02,0.46,5773639477.0,1.75,40.23,,BK1225
2026-09-24,工程机械,2094.92,0.46,6856602457.0,1.49,20.26,,BK0739
2026-09-24,纺织服饰,13697.6,0.46,10441637600.0,1.88,28.53,,BK0436
2026-09-24,水力发电,4130.57,0.43,6364077154.0,0.53,19.87,,BK1380
2026-09-24,城商行Ⅲ,1650.52,0.4,7085866696.0,0.66,6.22,,BK1609
2026-09-24,跨境物流,1672.07,0.38,828756618.0,0.71,15.32,,BK1488
2026-09-24,农商行Ⅲ,464.5,0.33,1873102480.0,0.89,5.89,,BK1612
2026-09-24,印染,1527.05,0.33,690526614.0,7.32,24.39,,BK1351
2026-09-24,医院,6419.82,0.32,3002631790.0,2.12,50.1,,BK1601
2026-09-24,铁路公路,8471.85,0.31,3516881594.0,0.44,16.2,,BK0421
2026-09-24,银行,4313.49,0.3,24399464934.0,0.23,7.31,,BK1283
2026-09-24,银行Ⅱ,4313.49,0.3,24399464934.0,0.23,7.31,,BK0475
2026-09-24,粘胶,1442.98,0.27,363486860.0,1.78,43.15,,BK1416
2026-09-24,核力发电,603.45,0.27,888929233.0,0.22,23.99,,BK1376
2026-09-24,煤炭开采,1958.3,0.25,8516063648.0,0.96,17.64,,BK1250
2026-09-24,洗护用品,567.85,0.23,160778766.0,1.21,27.85,,BK1496
2026-09-24,工程机械器件,15484.47,0.23,1805455796.0,1.63,45.81,,BK1392
2026-09-24,物流,7153.2,0.23,4065468731.0,0.92,26.41,,BK0422
2026-09-24,厨房电器,9032.86,0.21,928429993.0,3.02,46.58,,BK1451
2026-09-24,交通运输,2461.13,0.2,19840703061.0,0.64,18.5,,BK1210
2026-09-24,油气及炼化工程,1739.5,0.17,1219705055.0,1.31,36.38,,BK1572
2026-09-24,高速公路,2661.2,0.14,1176132828.0,0.52,14.43,,BK1483
2026-09-24,软饮料,1842.71,0.14,1336788163.0,1.46,22.15,,BK1586
2026-09-24,油服工程,1818.83,0.12,2140893712.0,0.79,21.34,,BK1275
2026-09-24,空调,15208.37,0.09,2317419722.0,0.37,11.78,,BK1450
2026-09-24,动力煤,2550.61,0.09,6740862865.0,0.91,16.65,,BK1493
2026-09-24,油田服务,1574.19,0.08,921188656.0,0.56,17.97,,BK1573
2026-09-24,娱乐用品,2713.17,0.06,1565690446.0,2.11,-30278.32,,BK1543
2026-09-24,纺织服装设备,3596.76,0.06,2364700539.0,3.44,65.75,,BK1401
2026-09-24,照明设备Ⅲ,3018.48,0.05,2206673730.0,2.75,88.44,,BK1460
2026-09-24,照明设备Ⅱ,3018.48,0.05,2206673730.0,2.75,88.44,,BK1245
2026-09-24,航天装备Ⅲ,4484.69,0.03,3698846738.0,1.36,363.8,,BK1385
2026-09-24,航天装备Ⅱ,4484.69,0.03,3698846738.0,1.36,363.8,,BK1232
2026-09-24,其他专业服务,1135.45,0.02,385518759.0,1.89,70.63,,BK1567
2026-09-24,其他运输设备,2032.65,0.01,1018288941.0,1.57,21.95,,BK1522
2026-09-24,摩托车及其他,3860.72,0.01,2324759148.0,1.12,27.0,,BK1263
2026-09-24,摩托车,3651.16,0.01,1306470207.0,0.95,30.32,,BK1521
2026-09-24,油气开采Ⅲ,3333.73,-0.01,1323506953.0,0.73,11.56,,BK1574
2026-09-24,油气开采Ⅱ,3333.73,-0.01,1323506953.0,0.73,11.56,,BK1276
2026-09-24,公交,1539.94,-0.05,421278964.0,1.46,91.96,,BK1484
2026-09-24,定制家居,7456.26,-0.06,2172905349.0,3.21,63.02,,BK1539
2026-09-24,综合环境治理,1738.57,-0.06,1831957993.0,2.2,-23.82,,BK1391
2026-09-24,文娱用品,3399.94,-0.09,2161122515.0,2.23,63.11,,BK1266
2026-09-24,品牌化妆品,1441.37,-0.1,1847248211.0,2.24,24.0,,BK1498
2026-09-24,美容护理,893.88,-0.15,4779054167.0,1.8,29.34,,BK1035
2026-09-24,股份制银行Ⅲ,2382.11,-0.15,6659376854.0,0.29,5.94,,BK1610
2026-09-24,预加工食品,6269.65,-0.16,772795437.0,2.41,23.1,,BK1581
2026-09-24,水泥,26310.97,-0.17,2921693456.0,1.21,-195.3,,BK0424
2026-09-24,轨交设备Ⅲ,1796.18,-0.17,2955001158.0,0.53,19.27,,BK1394
2026-09-24,轨交设备Ⅱ,1796.18,-0.17,2955001158.0,0.53,19.27,,BK1236
2026-09-24,租赁,2813.94,-0.17,417990032.0,0.63,8.56,,BK1365
2026-09-24,电机Ⅲ,2316.85,-0.18,3050727306.0,1.44,58.56,,BK1307
2026-09-24,电机Ⅱ,2316.85,-0.18,3050727306.0,1.44,58.56,,BK1030
2026-09-24,线下药店,3451.44,-0.18,758385758.0,1.17,18.12,,BK1606
2026-09-24,海洋捕捞,1081.41,-0.18,161483550.0,2.2,49.39,,BK1513
